"Index","Telugu Text","Mapped English Text"
"5","వాళ్లు ఎక్కడ ఉన్నారు? ఏంటి నేను వచ్చింది నా కుటుంబాన్ని వెతకడానికి.","Where are they? Wha I came looking for my family."
"6","నీ మాదిరిగానే.","Just Just like you."
"7","ఓహ్, అవునా?",", yeah?"
"9","హేయ్.","Hey."
"10","నీకు ఈ దెబ్బ తగిలినప్పుడు నేను అక్కడే ఉన్నాను.","[screams] I was there when you got this."
"11","నువ్వే నన్ను ఇలా చేశావు.","You're the one who did this to me."
"13","మన అందరినీ దెబ్బతీశావు.","To all of us."
"14","ఎలా చూసినా, నేను కూడా నీ అంత తెలివైన వాడినే, కాబట్టి నువ్వు నాతో పెట్టుకోకు.","At the bare minimum, I'm as smart as you, so don't fuck with me."
"15","వాళ్లు ఎక్కడ ఉన్నారు?","Where are they?"
"16","సరే.","[breathing heavily] Okay."
"17","నేను సారీ చెబుతున్నా. చాలా సారీ.","I'm I'm sorry. I'm so s."
"18","నోరు మూయి. నీ చెత్త క్షమాపణ నాకు అవసరం లేదు.","Fuck you. I don't want your fucking apology."
"19","వాళ్లు ఎక్కడ ఉన్నారో చెప్పు!","Tell me where they are!"
"20","ఓహ్, అయ్యో. నాకు తెలియదు.",", fuck. I don't know."
"22","ఓహ్, చెత్త.",", fuck."
"23","వాళ్లు ఎక్కడ ఉన్నారు?","Where are they?"
"24","డానియేలాకి విషయం తెలిసిపోయింది.","Daniela found out."
"25","అవును తనకి తెలిసిపోయింది.","[groans] Of course she did."
"26","తనే నన్ను ఈ మెట్ల మీద నుండి కిందికి తోసింది.","She's the one who pushed me down the stairs."
"27","ఇంకా తను ఇప్పుడు ఎక్కడ ఉందో నాకు తెలియదు. ఒట్టు.","And I [breathes shakily] I don't know where she is now. I swear."
"28","అయితే నీ వల్ల నాకేమీ ఉపయోగం లేదన్నమాట? సారీ.","So you're fucking useless to me? I'm sorry."
"41","అమ్మా.","Mom."
"42","మనం ఈ మెసేజ్ లని ఆఫ్ చేద్దాం, సరేనా?","Let's turn them off, okay?"
"45","నేను తిరిగి వచ్చినప్పుడు, కేవలం అతడితో పోరాడితే సరిపోతుంది అనుకున్నాను.","When I came back, I thought I'd only have him to deal with."
"46","ఇంకా చాలామంది ఉన్నారని నేను గ్రహించి ఉండాల్సింది.","I should've known there would be more."
"47","అయితే మనం ఎక్కడికి వెళ్తున్నాం?","So where do we go?"
"48","నాకు నిజంగా తెలియదు.","I really don't know."
"49","క్రెడిట్ కార్డుల్ని ట్రాక్ చేయచ్చు.","Credit cards can be tracked."
"50","ఎవరూ నగదు తీసుకోవడం లేదు.","No one really takes cash anymore."
"51","నాకు కనీసం ఐడియా వచ్చినా సరే, నేను దాన్ని ఎంచుకునే పరిస్థితి లేదు.","And even if I had an idea, I can't be the one to choose."
"52","దేనికి?","Why?"
"53","అతను ఏ ప్రదేశం గురించి ఆలోచించినా, వాళ్లు కూడా అదే ఆలోచించగలరు.","'Cause any place he would think of, they could too."
"54","నాకు ఒక ఐడియా వచ్చింది.","I have an idea."
"55","అదే.","[Charlie] , that's the one. That's the one."
"58","నీకు దీని సెక్యూరిటీ కోడ్ ఎలా తెలిసింది?","[keypad beeping] [alarm stops] And you just happen to know the security code?"
"59","జేమ్స్ కుటుంబం వేసవి సెలవుల్ని ఎక్కువగా వారాంతపు సెలవుల్ని ఇక్కడే గడుపుతారు.","James's family spends their summers most weekends here."
"60","నేను కొన్నిసార్లు ఇక్కడికి వచ్చాను. కొన్నిసార్లా?","I visited a couple of times. Couple of times?"
"61","వీడు అంతకన్నా ఎక్కువసార్లే ఇక్కడికి వచ్చాడు అనుకుంటా.","I think he's been here more than a couple of times."
"63","నీ గది ఎలా ఉంది?","How's your room?"
"64","నేను అమ్మని కాపాడి ఉండాల్సింది.","I should have protected her."
"65","చార్లీ.","[inhales deeply] Charlie."
"66","నేను మీ ఇద్దరినీ కాపాడి ఉండాల్సింది.","I should've protected both of you."
"67","ఇందులో ఏదీ నీ తప్పు కాదు.","None of this is your fault."
"68","ఆ విషయం నీకు తెలుసు, కదా?","You know that, right?"
"69","వాళ్లందరూ నిజంగానే నా తండ్రులా?","Are they really all my dad?"
"71","అవును ఇంకా కాదు.","Yes and no."
"72","అయితే ఇప్పుడు మనం ఏం చేయాలి?","[sighs] So what do we do?"
"73","మనం ఆలోచిద్దాం.","We figure it out."
"74","కాసేపు నిద్రపోయి లేచిన తరువాత.","once we get some sleep."
"76","హేయ్.","[Jason] Hey."
"77","నీకు ఒంటరిగా ఉండాలని ఉందా?","Do you wanna be alone?"
"79","నువ్వు చూసిన సంఘటనల్ని నేను కనీసం ఊహించలేను, మా దగ్గరకి తిరిగి రావడం కోసం నువ్వు పడిన కష్టాల్ని కూడా ఊహించలేను.","I can't imagine the things that you've seen, all the things you had to do to get back to us."
"80","నాకు ఇది ఎలా కావాలంటే.","I want it."
"81","నువ్వు ఇంటికి వచ్చినంత సింపుల్ గా ఉండాలి, మనం గతంలో ఉన్నట్లుగా ఎప్పటికీ ఉండాలి.","to just be as simple as you're home, we go back to the way we were."
"82","కానీ వాళ్లందరూ కూడా ఇంటికి వచ్చేస్తారు.","but they're all home too."
"84","ఎక్కడి నుండి ప్రారంభించాలో తెలియడం లేదు.","[whispers] I don't know where to start."
"86","మాక్స్ చనిపోయిన తరువాత మన జీవితం నుండి ప్రారంభించాలి అనుకుంటా.","Guess just like after Max."
"87","ఏదో విధంగా మనం మళ్లీ మన జీవితాన్ని ప్రారంభించాలి.","Somehow we just have to start."
"108","నేను పడిన కష్టాలని మీరు ఎవరూ అనుభవించి ఉండరు.","None of you have been through what I've been through."
"109","మీకు ఆ అర్హత లేదు.","You haven't earned it."
"110","చూడండి, మనందరం వాళ్లని పొందలేము, కాబట్టి.","You know, we we can't all have them obviously, so."
"111","ఇక్కడ ప్రశ్న ఏమిటంటే, ఎవరు వాళ్లతో ఉంటారన్నదే?","the question is, who gets stuck alone?"
"112","మనం అందరం కలిసికట్టుగా కుటుంబం బాధ్యతల్ని తీసుకుంటే?","What if we tried joint custody?"
"123","మొదట్లో, నేను హాయిగా ఫీల్ అయ్యేలా అతను చేయడం నాకు నచ్చింది.","At first, I liked the way he made me feel."
"124","జీవితం మళ్లీ పాత రోజుల నుండి మొదలుపెట్టినట్లు అనిపించింది.","It was like we had gone back to the start."
"125","కానీ అతను నా భర్త కాదు.","But he wasn't my husband."
"126","అతను మాతో పాటు ఉన్నాడు, నాతో కలిసి పడుకున్నాడు.","He lived with us, slept with me."
"127","నేను ప్రస్తుతానికి అంతవరకే చెప్పాలనుకుంటున్నాను.","That's all I wanna say right now."
"128","సారీ.","I'm sorry."
"130","మన జీవితాన్ని నేను ఇష్టపడ్డాను, కానీ కొన్ని సందర్భాలలో నేను అనుకునే వాడిని, ""ఒకవేళ అలా అయితే?"" అని.","I loved our life, but there were times that I thought, ""What if?"""
"131","ఎప్పుడూ కాదు, కానీ కొన్నిసార్లు అనుకునేవాడిని.","Not a constant thing, but sometimes."
"132","ఈ వేరే జేసన్, అతను, కొంతవరకూ, నాలాగే ఉంటాడు.","This other Jason, he is, to some degree, me."
"133","కాబట్టి నా సందేహాలు అతనిలో కూడా ఉంటాయి.","So my what-ifs are also in him."
"134","ఆ సందేహాలే అతడిని ఈ ప్రపంచంలోకి వచ్చేలా చేశాయి.","They led him to this world."
"135","అందులో నీ తప్పు ఏమీ లేదు.","None of it's your fault."
"136","నీకు తెలుసా, నన్ను పెళ్లి చేసుకోని నీ రూపాన్ని నేను కలుసుకున్నాను.","You know, I met a version of you that never married me."
"137","అవునా?","[chuckles] Yeah?"
"138","నేనేం చేసేదాన్ని?","What did I do?"
"139","నువ్వు ఒక చిత్రకారిణివి.","You're an artist."
"140","నీ సరికొత్త షో ప్రారంభించిన రోజు నిన్ను కలుసుకున్నాను.","I met you at the opening for your newest show."
"141","నీ జీవనం ఎంతో ఉన్నతంగా ఉండింది, ఇంకా.","You lived in a really cool loft, and."
"142","నీకు చాలామంది ఫ్రెండ్స్ ఉన్నారు.","you had a lot of friends."
"143","పిల్లలు లేరా?","No kids?"
"144","లేరు.","No."
"145","నేను సంతోషంగా ఉన్నానా?","Was I happy?"
"146","తను కూడా నీ గురించి ఇలాగే అడిగింది.","She wondered the same about you."
"148","ఇటీవలి లావాదేవీలు హోటల్ ఛార్జీలు లేవు, విమాన ప్రయాణాలు లేవు, ఎయిర్ బి.ఎన్.బి.లు లేవు, అద్దె కార్లు లేవు, కానీ అతను షాంబర్గ్ లో మాత్రం పెట్రోల్ కొట్టించాడు.","No hotel charges, no airline tickets, no Airbnb, no rental cars, but he buys fucking gas at Schaumburg."
"149","ఆ తరువాత వాళ్లు ఏటిఎమ్ నుండి ఐదు వందల డాలర్లు తీసుకున్నారు.","And they take $500 out of the ATM."
"150","అతను ఎక్కడికి వెళ్లి ఉంటాడు? అతను ఎక్కడికి వెళ్లాడు?","Where'd he go?"
"151","ఇలా చూడు. నువ్వు ఇది కనుక్కోగలవు.","Come on. You should be able to work this out."
"152","అతను ఎక్కడికి వెళ్లినా, నువ్వు కనుక్కోగలవు.","Wherever he would go, you would know."
"153","కాబట్టి నువ్వు ఎలాంటి నిర్ణయాలు తీసుకోవద్దు ఎందుకంటే అది ముందే ఊహించగలుగుతారు.","So you don't make the decision because it's too predictable."
"154","నాకు డానియేలా గురించి బాగా తెలుసు.","I know Daniela too well."
"155","వాళ్లు చార్లీతో ఈ పని చేయించి ఉంటారు.","They'll let Charlie do it."
"156","ఓహ్, చెత్త.",", fuck."
"157","మీ ఫోన్లు స్విచాఫ్ చేయకుండా ఉండే అవకాశం ఉందా?","Is there any chance you haven't powered your phones down?"
"161","నా ఫోన్ ఎక్కడ ఉంది?","Where's my phone?"
"164","నా ఫోన్ ఎక్కడ ఉంది? రైల్వే పట్టాల దగ్గర నువ్వు నా నుండి తీసుకున్న ఫోన్.","Where's my phone? The one that you took from me under the train tracks."
"166","నా ఫోన్ ఎక్కడ ఉంది?","Where is my phone?"
"167","అది ఎక్కడ ఉంది?","Where is it?"
"168","విను, నన్ను విడిచిపెట్టు.","Listen, cut me loose."
"169","అది నీకు దొరికేలా నేను సాయం చేస్తా.","I'll help you find it."
"170","నేను నిన్నే ఎందుకు కోసేయకూడదు?","Why don't I just cut you?"
"171","వద్దు. చూడు.","[grunts] No. Look."
"175","అదీ సంగతి. నా కారుని ఈ రోజు ఇవ్వగలరా?","[Jason] Gotcha."
"176","సారీ.","Sorry."
"180","మనం చార్లీ ఎలా ఉన్నాడో చూడాలి.","[Daniela] We should check on Charlie."
"181","డానియేలా?","Daniela?"
"183","నిన్న రాత్రి, మెసేజ్ బోర్డులో చూశాను వందలమంది జేసన్లు తిరిగి వచ్చారు.",", last night, I found a message board with hundreds of Jasons who'd made it back."
"184","వాళ్లు ఏం అంటున్నారు?","What were they saying?"
"185","వాళ్లలో కొందరు బాగా తప్పుదోవ పట్టి ఉన్నారు, కానీ వాళ్లందరూ తమ కుటుంబాన్ని ప్రేమిస్తున్నారు.","As damaged as some of them have become, they all love their family."
"186","వాళ్లు నిన్ను తిరిగి పొందాలని చూస్తున్నారు.","They want you back."
"187","వాళ్లలో ఒకడికి ఒక ఐడియా వచ్చింది.","One of them had an idea."
"189","ఏదో లాటరీ సిస్టమ్ మాదిరిగా, మాలో ఒకరు ఈ ప్రపంచంలో నీతో ఇంకా చార్లీతో పాటు ఉండిపోయే అవకాశం దక్కించుకుంటారు.","Kind of a lottery system, where apparently one of us gets to stay in this world with you and Charlie."
"190","మిగతా అందరూ ఈ ప్రపంచాన్ని విడిచి వెళ్లిపోతారు.","Everyone else leaves."
"191","కానీ, ఆ ఐడియా ఎవరికి వచ్చిందో కానీ వాళ్లు లాటరీని ఓడిపోయినట్లే.","Well, whoever had that idea just lost the lottery."
"192","మరొకడు కలిసికట్టుగా కుటుంబాన్ని పంచుకుందాం అన్నాడు.","Another suggested shared custody."
"193","వావ్.","Wow."
"194","సెలవు రోజులు పీడకలలా మారతాయి.","Holidays will be a nightmare."
"196","హేయ్.","Hey."
"197","మరి నీకు ఏం అయింది?","So what happened to you?"
"198","నాకు ఏం అయిందా?","What happened to me?"
"199","అవును.","Yeah."
"200","నన్ను నువ్వు కిడ్నాప్ చేసిన తరువాత నా కొడుకుకి అనైతికంగా తండ్రిగా నటించి నా భార్యని రేప్ చేశావు కదా?","After you kidnapped me and played out a sick dad fantasy with my son and raped my wife?"
"202","ఏం జరిగిందో నీకు చెబుతాను. నీ డానియేలా చనిపోయింది.","I'll tell you what happened. Your Daniela is dead."
"203","ఏంటి?","What?"
"204","ఎలా?","How?"
"205","అంటే, అది నా పొరపాటు.","Well, it was my fault."
"206","నిజానికి.","Actually."
"207","అది నీ తప్పే.","it was your fault."
"208","ఎందుకంటే నువ్వు ఎలాంటి మనుషులతో వ్యవహారాలు నడుపుతున్నావో నాకు తెలియలేదు.","Because I didn't know the kind of people that you were involved with."
"210","నాకు సాయం చేయాలని ప్రయత్నిస్తోందని డాన్ ఆమెని చంపేసింది.","Dawn killed her because she was trying to help me."
"211","ఇంకా రేయన్ ని లైటన్ చంపించాడు.",", and Leighton had Ryan killed."
"212","ఇంకా అమాండా కూడా ఉంది, ఆమెని నువ్వు వదిలేశావు.","And then there's Amanda, who you abandoned."
"213","బాక్స్ లో నేను తప్పించుకోవడానికి ఆమె సాయపడింది, కానీ ఆమె చాలా అయోమయంలో పడి దిక్కుతోచని స్థితిలోకి వెళ్లి భయపడిపోయింది.","She helped me escape in the box, and she was very confused and disoriented and scared."
"214","నీకు తెలుసు కదా, మనం బాక్స్ తలుపు తెరిచినప్పుడు ఇటువంటి ఫీలింగ్స్ మనలో ఉండకూడదు.","And as you know, they're not the kind of feelings you're supposed to have when you open the door."
"215","మేము తెరిచిన ఆరో తలుపు పెద్ద అడవికి దారి తీసింది.","The sixth door that we opened was a big forest."
"216","ఊరికే ఒకసారి చూద్దామని మేము బయటకు వెళ్లాము.","We just stepped outside just to have a look."
"217","అప్పుడు.","And."
"218","మంటలు అంటుకున్నట్లున్నాయి, అంతా చాలా చీకటిగా కనిపించింది.","there had been a fire, I guess. It was very black."
"219","కారు చీకటి, తెలుసా?","Blackened, you know?"
"220","అప్పుడు గాలి వీచింది, దానితో చెట్లు కిందపడిపోవడం మొదలైంది.","And so when a wind came, it just started knocking trees down."
"221","ఒక కొమ్మ కిందపడి.","This branch fell and."
"222","అంటే, నా తలకి దెబ్బ తగిలింది, కానీ ఇంకో పెద్ద కొమ్మ అలా వచ్చి.","well, one hit me on the head, but a really big one just came and went."
"224","ఆమెలోకి దిగబడిపోయింది.","right through her."
"225","ఆమెని నేల మీదకి గుచ్చినట్లు పడింది.","Pinned her to the ground."
"226","నేను ఇంకేమీ చేయలేకపోయాను.","And there was just nothing that I could do about it."
"227","కేవలం అక్కడ కూర్చుని ఆమె చనిపోతుంటే చూడటం మినహా.","except just sit there and wait for it to all be over."
"229","అది రెండు రోజుల పాటు సాగింది.","That took two days."
"232","అది ఆమెదేనా?","Is Is that hers?"
"233","అమాండాదా?","Amanda's?"
"234","ఆమె నీ కోసం ఏదైనా చేసి ఉండేది.","She would've done anything for you."
"235","వందకి వంద శాతం. ఏదైనా చేసేది.","One hundred percent. Anything."
"236","నువ్వు ఇంకా ఎలాంటి నష్టాలు కలిగించావో చూడాలని ఉందా?","Do you want to see what other damage you've caused?"
"238","అవును, ఇలా కొనసాగుతూనే ఉంది.","Yeah, and it just goes on. [laptop lid snaps shut]"
"240","నేను ఏం ఆలోచించానంటే.","I just thought."
"241","ఏం ఆలోచించావు?","What did you think?"
"242","అది పెద్ద విషయం కాదు.","It doesn't matter."
"243","నన్ను చూడు.","Look at me."
"244","నాకు నిజంగా తెలుసుకోవాలని ఉంది.","I would really like to know."
"245","నేను ఏం ఆలోచించానంటే.","I thought."
"247","నేను ఏం ఆలోచించానంటే.","I thought that."
"248","నువ్వు నా జీవితాన్ని ప్రేమిస్తావని అనుకున్నా.","you would love love my life."
"251","బ్లెయర్ కాప్లన్ నేను అక్కడికి వస్తున్నాను. పది నిమిషాల్లో అక్కడ ఉంటాను. ఇంకా ఏంటి చెప్పు?","[phone chimes] [clicks tongue] [Jason] What else?"
"253","బ్రూక్ ఇంకా డ్రూ డేటింగ్ చేసుకుంటున్నారు.","Brooke and Drew are dating."
"254","సారీ, బాబు.",", I'm sorry, pal."
"255","ఇక్కడ నుంచి ఘుమఘుమలు వస్తున్నాయి.","Smells good in here."
"256","అవును, కొద్దిగా ఎక్స్ పయిర్ అయిన పాన్ కేక్ మిక్స్ ఇంకా కండెన్సడ్ మిల్క్ క్యాన్ దొరికాయి.","Yeah, I found some slightly expired pancake mix and a can of condensed milk."
"257","సరే. ఎక్స్ పయిర్ అయిన పాన్ కేకులతో మీరు చేస్తున్న ప్రయోగాలు నాకు నచ్చాయి.","Okay. I like our chances with expired pancakes."
"259","నేను ఏం మిస్ అయ్యాను?","What'd I miss?"
"260","అంటే, డెస్సన్ ఇంట్లో ప్రస్తుతం జరుగుతున్న తాజా పరిణామాల్ని నేను తెలుసుకుంటున్నాను.","Well, I am catching up on current events at the Dessen household."
"261","ఈ మాటంటే గుర్తొచ్చింది, నువ్వు చేయాలి అనుకున్న ఆ షో సంగతి ఏం అయింది?","Speaking of which, what happened to that show that you were trying to land?"
"262","ఆర్ట్ స్పేస్ లో ఉండే డాన్ కర్ట్ కి అది దక్కింది.","Don Good at Artspace got it."
"263","మనకి అన్నీ సమస్యలుగానే ఉన్నాయి.","We are batting 1,000 here."
"264","ఏదైనా మంచి న్యూస్ ఉందా?","Any good news?"
"265","నా పుట్టినరోజు సందర్భంగా నాకు కొత్త కారు కొనిచ్చావు.","You got me a car for my birthday."
"266","అవును, అది విన్నాను. మంచి బ్లాక్ హాక్స్ ఐస్ హాకీ టికెట్లు కూడా.","Yes, I heard. Excellent Blackhawks tickets."
"267","కొత్త స్కేట్ బోర్డులు కొన్నావు.","New skateboards."
"268","నట్స్ ఉన్న ఐస్ క్రీమ్. ఏంటి?","[Daniela] Ice cream with nuts. What?"
"269","అవును, నువ్వు దాదాపుగా నన్ను చంపేయబోయావు.","[groans] Yeah, you almost killed me. [chuckles]"
"270","లేదు, కానీ నిజంగా, ఎపిపెన్ ని ఎలా వాడాలో కూడా నీకు తెలియలేదు.","Nah, but seriously, you didn't know how to use an EpiPen."
"271","నీకు ఎలర్జీ ఉందన్న సంగతి అతనికి తెలిసి ఉండకపోవచ్చు.","He wouldn't have known about your allergy."
"272","అవును.","[Charlie] Yeah. [Jason] Huh."
"273","మాక్స్ గురించి కూడా తెలియదు. చెట్టు దగ్గర గడిపే సమయం మిస్ అయ్యాడు.","[Charlie] Or Max. He missed our time by the tree."
"274","సరే, వాడు ఒక వెధవ.","[sniffs] Well, he's a dick."
"276","కాఫీ తాగుతావా?","Coffee?"
"277","కొద్దిగా తాగుతాను. అవునా? అదే మాదిరిగానా?","I'd love some. [Jason] Yeah? Same?"
"278","ఇవి తింటుంటే ఏం అనిపిస్తోందంటే, ""మనకి అసలు ఎప్పుడైనా తాజా పాన్ కేకులు ఎందుకు?""","The thing about these is they make you think, ""Why would you ever want a fresh pancake?"""
"280","సరే. నన్ను ఎందుకు ఆటపట్టిస్తున్నావు? ఇవి చక్కగా ఉన్నాయి.","Okay. Why are you doing this to me? It was perfect."
"281","థాంక్యూ. బ్రేక్ ఫాస్ట్ వండినందుకు థాంక్స్.","[Jason] Thank you. [Daniela] Thank you for breakfast."
"282","సంతోషం. కానీ మన ప్లాన్ ఏంటి?","You're welcome. But what's the plan?"
"283","ఇంకా అప్పుడే ఏమీ తెలియదు. కానీ మనం రేపు ఇక్కడి నుండి బయలుదేరి వెళ్లాలి.","Don't really know yet. Just that we have to leave here tomorrow."
"284","దేనికి?","Why?"
"285","అంటే, మనం ప్రస్తుతం ఇంటి ఆక్రమణదారులం ఇంకా దొంగలం.","Well, we're currently home invaders and thieves."
"286","నువ్వు ఏమైనా తీసుకున్నావా? మొదటగా నీకు నా మీదే అనుమానం రావడం నాకు భలే నచ్చుతుంది.","Did you take something? [chuckles] I just love how your mind just went straight to me."
"287","కానీ, నువ్వు నా బెస్ట్ ఫ్రెండ్ కారుని దాదాపుగా దొంగిలించావు కదా.","Well, you did kind of thieve my best friend's car."
"288","ఆమె నాకు అరువు ఇచ్చింది.","She kind of let me borrow it."
"289","కానీ ఆమెకి ఆ కారుని ఇప్పట్లో తిరిగి ఇచ్చే ఉద్దేశం నీలో కనిపించడం లేదు.","Doesn't seem like there's really a plan to give it back to her anytime soon."
"290","అవును, మనకి అది అవసరం కావచ్చు.","[Jason] Well, we might need it."
"291","అయితే, మనం ఎక్కడికి వెళదాం?","So, where will we go?"
"292","దాని గురించే ఆలోచిస్తున్నాం.","We're working on it."
"295","హలో?","Hello?"
"296","డానియేలా?","Daniela?"
"297","చార్లీ?","Charlie?"
"298","హలో?","Hello?"
"299","చార్లీ?","Charlie?"
"302","హలో?","Hello?"
"306","జేసన్?","[Blair] Jason?"
"307","ఇది చాలా విచిత్రంగా అనిపిస్తుందని నాకు తెలుసు, కానీ డానియేలా కోసం, నువ్వు నాకు ఒక సహాయం చేయాలి.","I know this seems very strange, but for Daniela's sake, I need you to do something for me."
"308","ఏంటి?","What?"
"309","నీ కారు లొకేషన్ ని తెలుసుకోగలవా?","Can you track your car's location?"
"310","నువ్వు చేయగలవా? నీ కారు లొకేషన్ ని పట్టుకోగలవా?","Can you? Can you track your car's location?"
"311","అలాగే.","Yes."
"312","ఆ పని చేశావా?","Have you?"
"313","లేదు. నా కారుని ట్రాక్ చేయాలన్న ఆలోచన నాకు రాలేదు.","No. It didn't occur to me to track."
"314","సరే. నీ ఫోను ఇలా ఇవ్వు. నిన్ను ఖచ్చితంగా ""దొబ్బేయ్"" అంటాను.","All right. Give me your phone. That would be a solid ""fuck off."""
"315","బ్లెయర్, నీ ఫోన్ నాకు ఇవ్వు. నిన్ను నేను గాయపర్చను.","Blair, just give me your phone. [groans] [groans] [Jason] I'm not gonna hurt you."
"317","నీ ఫోన్ నాకు ఇవ్వు చాలు.","Just give me your fucking phone."
"318","బ్లెయర్, నీ ఫోన్ ని నాకు ఇవ్వు!","Blair, give it to me!"
"319","సరే.","Okay."
"323","కూర్చో. ఇప్పుడే! అలాగే, మంచిది. అలాగే.","Sit down. Now! Yeah, fine. Yeah."
"326","ఇప్పుడు చెప్పు అసలు ఇక్కడ ఏం జరుగుతోంది?","Now [Jason groans] what the actual fuck is going on?"
"327","అవి ఎక్కడ ఉన్నాయి?","[Daniela] Where are they?"
"328","మిగతా వాస్తవాలు.","The other realities."
"329","నువ్వు ఒక చేపవి అనుకో, సరస్సులో ఈదుతున్నావని ఊహించు.","Imagine you're a fish, swimming in a lake."
"330","నీ వరకూ, ఆ సరస్సే నీకు యావత్ విశ్వం.","And to you, that lake is your entire universe."
"331","కానీ ఒక రోజు, ఎవరో వచ్చి నిన్ను ఆ నీటి నుండి బయటకి లాగినప్పుడు, నువ్వు ఏదయితే నీ యావత్ ప్రపంచం అనుకున్నావో అది కేవలం ఒక సరస్సు అని నువ్వు గ్రహిస్తావు.","Then one day, someone reaches in and pulls you out of the water, and you realize that what you thought was your entire world is just one lake."
"332","అప్పుడు నువ్వు వేరే సరస్సునీ ఇంకా చెట్లనీ ఇంకా పైన ఆకాశాన్నీ చూస్తావు.","Then you see another lake and trees and the sky above."
"333","ఇప్పుడు హఠాత్తుగా నీకు ఏం అనిపిస్తుందంటే.","And it suddenly hits you that you are."
"334","మరింత నిగూఢమైన వాస్తవంలో మనమంతా ఒక భాగంగా ఉన్నామనీ అది మనం ఎప్పటికీ అర్థం చేసుకోలేకపోవచ్చని గ్రహిస్తావు.","We all are part of a more mysterious reality than we could ever possibly understand."
"335","కాబట్టి, అవి ఎప్పుడూ మన చుట్టూ ఉంటాయి కానీ మనం వాటిని ఎందుకు చూడము?","So, they're just all around us and we can't see them?"
"336","అవి సరిగ్గా ఇక్కడే ఉన్నాయి.","[Jason] They're right here."
"337","చాలా దగ్గరగా, కేవలం అణువు దూరంలో.","So close, just microns away."
"338","మన చేతనావస్థ గనుక మరింతగా ప్రసరిస్తే, మనం అక్షరాలా వాటిని అందుకోగలం ఇంకా వాటిని తాకగలం.","And if our consciousness were more fluid, we could literally reach out and touch 'em."
"341","ఇంకా ఏమైనా ప్రపంచాలు ఉన్నాయా.","Were there any worlds."
"342","నువ్వు ఉండిపోవాలి అనుకున్నవి?","where you were tempted to stay?"
"343","ఆ బాక్స్ లోపల, నేను దాదాపుగా.","Out there in the box, I almost."
"344","నా ఇంటికి దారిని కనుక్కోగలననే ఆశ వదులుకున్నాను.","almost lost hope of finding my way home."
"345","నేను సంతోషంగా ఉండగలను అనుకున్న ఒక ప్రపంచం ఉంది.","There was one world where I thought I could be happy."
"346","కానీ నువ్వు ఇంటికి వచ్చేశావు.","But you came home."
"347","అందుకు పశ్చాత్తాపపడుతున్నావా?","Do you regret it?"
"348","కొద్దిగా కూడా పశ్చాత్తాపపడటం లేదు.","Not one bit."
"358","ఇంకొక ప్రశ్న అడుగు.","[Jason] Ask another question. [Charlie chuckles]"
"360","హేయ్. లోపలికి రా. మేము ఊరికే మాట్లాడుకుంటున్నాం.","[Jason] Hey. Come in. We're just chatting."
"362","సరే, ఇదేదో నాకు జోలపాడే కార్యక్రమంలా అనిపిస్తోంది. జోల పాటకి నువ్వు ఏమైనా పెద్దవాడివి అయిపోయావు అనుకుంటున్నావా, హా? మనల్ని ఇక్కడికి తీసుకువచ్చినందుకు థాంక్యూ, చార్లీ.","Okay, now this just feels suspiciously like a tuck-in. Aw. What, you too old for a tuck-in, huh? Huh? [chuckles] [chuckles] [Daniela] Thank you for bringing us here, Charlie."
"363","ఇది చాలా భయంకరమైన పరిస్థితి అనుకుంటే, నువ్వు చాలా ధైర్యంగా దాన్ని ఎదుర్కొంటున్నావు.","Considering this is pretty scary, you're handling it with real bravery."
"364","నిన్ను చూసి గర్వపడుతున్నాను, బాబు.","I'm very proud of you, pal."
"365","గుడ్ నైట్, అబ్బాయ్.","Night, kiddo."
"366","గుడ్ నైట్.","[Charlie] Good night."
"367","సరే.","All right."
"369","మనం మొదటిసారి ఎప్పుడు కలుసుకున్నామో నీకు గుర్తుందా?","Do you remember when we first met?"
"371","అది ఎవరైనా అయి ఉండవచ్చు.","Could have been anyone."
"372","కానీ అది నువ్వే అయ్యావు.","but it was you."
"373","వాళ్లందరిలోకి, మళ్లీ నువ్వే ఉన్నావు.","And out of all of them, again it was you."
"374","నేను మెసేజ్ బోర్డు చూశాను.","I went on the message board."
"375","మనం ఒక నిర్ణయం తీసుకున్నామని వాళ్లకి చెప్పాను.","I told them we made a choice."
"376","నాకు లాటరీ వద్దు.","I don't want a lottery."
"377","నేను నిన్ను ఎంచుకున్నాను.","I choose you."
"384","ఓహ్, చెత్త.","[person grunts] [Jason] , shit."
"387","సాయం చేయి.","[groaning, gasping] Help me."
"388","నిన్ను ఎవరు ఇలా చేశారు?","Who did this to you?"
"389","మనలో ఒకడు.","One One of us. [grunts]"
"390","ఇక్కడ ఎంతమంది ఉన్నారు?","How many are here?"
"391","నేను చనిపోబోతున్నానా? నాకు చావాలని లేదు.","Am I gonna die? I don't wanna die."
"392","ఎంతమంది ఉన్నారు?","[Jason] How many?"
"393","చార్లీని చూసుకో. చార్లీ ఎక్కడ ఉన్నాడు?","Get Charlie. [sobs] Where's Charlie? [groans]"
"394","హేయ్!","[Jason] Hey!"
"395","ఓహ్, చెత్త.","[gunshot] [grunts] , fuck."
"396","ప్లీజ్.","[breathing heavily] Plea."
"398","అది తుపాకీ పేలిన శబ్దమా?","Was that a gunshot? [Jason] Shh!"
"399","చార్లీని తీసుకురా. మెట్ల కింద వెనుక వైపు వచ్చి నన్ను కలుసుకో. త్వరగా! త్వరగా!","Get Charlie. Meet me back downstairs. Hurry! Hurry!"
"400","హేయ్.","[Jason] Hey."
"401","దాన్ని కింద పడేయ్.","Drop it."
"402","దాన్ని పడేయమని చెప్పాను.","I said drop it."
"403","విను.","Listen."
"404","ఆగు. ఆగు.","Just stop. Stop."
"407","వాళ్లు మేడ మీద ఉన్నారా?","Are they upstairs?"
"408","అవును.","[Jason] Yeah."
"409","సరే. నీ బట్టలన్నీ విప్పేయ్.","Okay. Take off all your clothes."
"410","చూడు. నీకు మళ్లీ చెప్పను. ముందు.","Now. I'm not gonna tell you again. Just."
"411","కానివ్వు.","Come on."
"412","అన్నీ విప్పేయ్.","Everything."
"413","మీ మధ్య ఏదైనా సంకేత పదం ఉందా?","Do you have a safe word?"
"414","ఉంది.","Yeah."
"415","అది నాకు చెప్పు.","Give it to me."
"416","నువ్వు ఎంతమందిని చంపావు?","How many have you killed?"
"417","నాకు తెలియదు.","I don't know. [mumbles]"
"418","సంకేత పదం.","Safe word."
"419","సరే. నీకు చెబుతాను.","[shotgun cocks] [Jason gasps] Okay. I'll tell you."
"420","అదీ.","It's."
"427","డానియేలా, చార్లీని తీసుకుని నువ్వు వెళ్లు. వెళ్లు!","Daniela, take Charlie and go. Go!"
"429","నువ్వు రాకుండా వెళ్లను.","Not without you."
"430","నేను మిమ్మల్ని ఆపను.","I'm not gonna stop you."
"431","నేను అందుకోసం ఇక్కడికి రాలేదు.","It's not why I'm here."
"433","బాక్స్ ని నిర్మించింది నేనే.","I'm the one who built the box."
"434","ఈ గందరగోళం అంతా జరగడానికి కారణం నేనే.","I'm the one responsible for all of this mess."
"435","చాలా సారీ.","I'm so sorry."
"436","మీ అందరికీ క్షమాపణలు చెబుతున్నా.","I'm sorry to all of you."
"437","చార్లీ!","[grunts] [Jason] Charlie!"
"438","చెత్త.","Fuck."
"439","మమ్మల్ని ఎలా కనుక్కున్నావు?","How did you find us?"
"440","బ్లెయర్ ఫోనులో ట్రాకింగ్ యాప్ ఉంది.","Blair had a tracking app on her phone."
"441","మిగతా వాళ్లు నిన్ను ఎలా కనుక్కున్నారు?","How did the others find you?"
"442","వాళ్లలో ఒకడు హోండా కారులో ఈ పరికరాన్ని పెట్టాడు, కానీ మిగతా అందరూ రావడం మొదలుపెట్టాక గానీ నేను ఆ విషయాన్ని గ్రహించలేకపోయాను.","One of them put this device on the Honda, and I didn't realize it until the others started showing up."
"443","వాళ్లు నన్ను అనుసరించారు.","They followed me."
"444","ఇదంతా ఏంటి?","[gunshot] [Daniela gasps] [groaning in distance] What the fuck?"
"445","మీరు ఇంక బయలుదేరాలి.","You have to leave."
"446","కారు బయట ఉంది.","[breathing shakily] It's outside."
"447","దయచేసి వినండి. నేను మీకు సాయం చేయాలని చూస్తున్నాను.","Please. I am trying to help you."
"448","సరే. అయితే, అది ఎక్కడ ఉందో మాకు చూపించు.","All right. Well, show us where it is."
"449","అలాగే.","Okay."
"451","జేసన్.","[Jason] Jason."
"452","ఇది నీకే చెందుతుంది.","This belongs to you."
"453","పద. పద!","[gunshots] [Jason] Go. Go!"
"454","డానియేలా! చార్లీ!","[Jason] Daniela! Charlie!"
"455","కిందికి వంగండి!","[shouting] [Jason] Get down! [Daniela screams] [gunshots] [gunshots] [groaning]"
"457","నువ్వు బాగానే ఉన్నావా? బాగానే ఉన్నావా?","Are you good? You okay?"
"459","మనల్ని ఎవరూ అనుసరిస్తున్నట్లు లేదు.","I don't think anyone followed us."
"460","మనం ఏం చేద్దాం? మనం ఎక్కడికీ వెళ్లే పరిస్థితి లేదు.","What do we do? There's nowhere for us to go."
"461","చూడండి, అతను మన కోసం ఏవో తెచ్చాడు.","Guys, I think he left us something."
"463","అందులో ఎన్ని ఉన్నాయి?","[Jason] , how many are there?"
"464","నాకు తెలియదు. నలభై ఉండచ్చా?","I don't know. Forty?"
"465","ఇక్కడ ఇంకో బ్యాగ్ కూడా ఉంది.","[Charlie] There's a bag here too."
"466","అతను మాక్స్ అస్తికలు తీసుకువచ్చాడు.","He brought Max."
"469","ఇంకా ఇక్కడ ఇది కూడా ఉంది.","[Charlie] And there's this here."
"472","నేను బాక్స్ లోపలికి వెళ్లినప్పుడు, చాలా పశ్చాత్తపపడ్డాను.","[Jason] When I went into the box, I was filled with regret."
"473","కానీ ఒక రోజు, నేను ఒక ప్రపంచంలోకి అడుగుపెట్టాను నేను తీవ్రంగా భయపడి ఏ నిర్ణయం అయితే తీసుకోలేకపోయానో ఆ నిర్ణయం ప్రకారం ఏర్పడిన కుటుంబం అక్కడ ఉంది.","And then one day, I walked into a world and I found a family that had been created through a choice that I had been too scared to make."
"474","నేను అసూయతో రగిలిపోయాను.","I was burning with envy."
"475","మొదట్లో, అది అంతా నీ గురించి అనుకున్నాను, డానియేలా.","At first, I thought it was all about you, Daniela."
"476","కొంతవరకూ అది నిజం, కానీ నేను ఏది కోరుకున్నాను అంటే, ఏది దొంగిలించాలి అనుకున్నాను అంటే, నువ్వు చేసుకున్న ఎంపికలు, జేసన్.","And while some of it was, I realized what I really wanted, what I tried to steal, were the choices that you made, Jason."
"477","మిగతా వారి అవసరాలు ఇంకా కలల కోసం నీ జీవితంలో నువ్వు వెసులుబాటు కల్పించుకున్న తీరు.","Mostly the choice to allow space in your life for someone else's needs and dreams."
"478","మనలో నాలో కొంతవరకూ.","I think there's a part of us me."
"479","ప్రేమని రిస్కు చేయడానికి భయపడ్డాను.","that's been afraid to risk love."
"480","నా మొత్తం జీవితం అంతా, ఆ భయం నన్ను వెన్నాడింది.","And my whole life, I've let that fear control me."
"481","కానీ ఎలాగో నువ్వు ఆ భయం నుండి బయటపడి ఒక సంపూర్ణమైన, గందరగోళమైన ఇంకా అందమైన కుటుంబం కోసం నిన్ను నువ్వు పూర్తిగా సమర్పించుకున్నావు.","But somehow you broke free of it and gifted yourself a full, messy and beautiful life."
"482","నేను చేసిన పనికి ఎన్ని క్షమాపణలు కోరినా సరిపోవు.","There's no apology sufficient for what I've done."
"483","మీలో ఏ ఒక్కరికీ ఈ ప్రపంచం క్షేమం కాదు.","This world is no longer safe for any of you."
"484","మీరు ఒక కొత్త ప్రపంచాన్ని సంపాదిస్తారని, మీరు ఖచ్చితంగా సంపాదించగలని నా ఆకాంక్ష, ఎందుకంటే.","And I hope you can find a new home, and I'm sure you will, because."
"485","అంటే, నేను ఊహించలేని కష్టాల్ని మీరంతా ఎదుర్కొన్నారు, ఒక పూర్తి చేసిన పజిల్ మాదిరిగా ఇంకా ఆ కష్టాలు మిమ్మల్ని దగ్గరగా చేర్చాయి.","well, you've all been through things I can't imagine, and they've shaped you into an even more perfect puzzle that can only fit one another."
"486","ఖచ్చితంగా ఇది ఒక్కటే మార్గమని అంటావా?","[Charlie] You're sure this is the only way?"
"487","మనం ఇక్కడే ఉంటే, ఎప్పుడూ భయంలో ఉండాలి.","If we stay, we have to live in fear."
"488","తను చెప్పింది నిజమే.","She's right."
"489","ఆగు.","Wait."
"490","చూడు. అదిగో అక్కడ ఉన్నారు.","[alternate Jasons] Look. There they are."
"491","హేయ్. హేయ్, చూడు. డానియేలా.","Hey. Hey, look. Daniela."
"492","ఛ. అది అతనే.","Shit. That's him."
"493","అతను ఎక్కడికి వెళ్తున్నాడు?","Where's he going?"
"494","వాళ్లు ఇక్కడికి వచ్చారు.","They're here."
"495","మిమ్మల్ని ఆపడానికి మేము ఇక్కడికి రాలేదు.","We didn't come to stop you."
"496","మీరు మామూలు జీవితాన్ని గడపడానికి ఉన్న ఏకైక మార్గం ఈ ప్రపంచాన్ని వదిలి వెళ్లడమే అని గ్రహించాం.","We figured that your only chance at a normal life was to leave this world."
"497","అవును. అతను చెప్పింది సరైనది. ఆహ్ హా.","[Jasons] Yeah. He's right."
"498","మేము గుడ్ బై చెప్పడానికి వచ్చాం.","We came to say goodbye."
"499","సారీ.","I'm sorry."
"500","నువ్వు ఇంకా చార్లీ క్షేమంగా ఉండాలన్నదే నా కోరిక.","I just want you and Charlie to be safe."
"501","అవును.","[Jasons] Yeah."
"502","ఇంకా నువ్వు.","And you."
"503","వాళ్లని జాగ్రత్తగా చూసుకో.","take care of them."
"504","అవును.","[Jasons] Yeah."
"505","లేదు! వాళ్లు అతనికే ఎందుకు దక్కాలి?","No, no! No! Why Why should he get them?"
"506","ఇది అతని గురించి కాదు.","It's not about him."
"507","ఆమె ఏం కోరుకున్నదో దాని గురించి, మన అబ్బాయికి ఏది మంచిదో దాని గురించి.","It's about what she wants, and what's best for our son."
"509","వాళ్లని వెళ్లనివ్వండి.","Let 'em through."
"510","లేదు.","No."
"511","వాళ్లని వెళ్లనివ్వండి!","Let 'em through!"
"512","కదలండి!","Move!"
"513","వాళ్లని వెళ్లనివ్వండి!","Let 'em through!"
"515","చార్లీ. చార్లీ.","[Jasons] Charlie. Charlie."
"517","డానియేలా.","Daniela."
"521","నేను నీకు తెలుసా?","Do you know me?"
"522","లేదు.","No."
"523","కానీ నేను నీ కోసం వెతుకుతున్నాను.","but I've been looking for you."
