"Index","Start Time","End Time","Telugu Text","Mapped English Text"
"1","00:00:01,293","00:00:03,128","**[NO TELUGU MATCH FOUND]**","[tapping]"
"2","00:00:06,507","00:00:07,925","**[NO TELUGU MATCH FOUND]**","[PA chimes]"
"3","00:00:09,134","00:00:15,682","మర్రకేష్ కి బయలుదేరనున్న లూసిట్ ఏయిర్వేస్ విమానం, ఎల్ ఎల్ టీ54కి బోర్డింగ్ ప్రక్రియ మొదలవ్వనుంది.","[announcer on PA] This is the pre-boarding announcement for Lusit Airways flight LLT154 to Marrakech."
"4","00:00:15,766","00:00:19,603","ముందుగా చిన్న పిల్లలుగా వర్గీకరించబడిన వారిని... బాబోయ్! ఎక్కడ ఉన్నావు నాయనా?","We are now inviting those classified as small children… Come on. Where are you?"
"5","00:00:19,687","00:00:27,528","మీ బోర్డింగ్ పాస్, గుర్తింపు కార్డులను సిద్దంగా ఉంచుకోండి. థ్యాంక్యూ.","[announcer] Please have your boarding pass and identification ready. Thank you. ​ ​"
"6","00:00:27,528","00:00:29,988","- సుమారుగా ఎప్పుడు చేరుకోవచ్చు? - ఒక్క నిమిషం లోపే.","- ETA? - [agent] Less than a minute."
"7","00:00:40,874","00:00:42,876","- అప్పగింత ఏమైనా జరిగిందా? - లేదు.","- Has there been a handover? - Negative."
"8","00:00:47,881","00:00:49,007","డాగ్స్ స్క్వాడ్ ని చూశాను.","Eyes on Dogs."
"9","00:00:57,432","00:01:00,352","అతనికి టర్మినల్స్ దగ్గర ఏం పని? మనకి కావలసిన వాడు వేరే చోటి నుండి వస్తాడని కదా నిఘా వర్గాల సమాచారం?","Why is he airside? Intel said target was inbound."
"10","00:01:00,352","00:01:01,895","అతను మనకి కావలసిన వ్యక్తిని చూశాడు, మేడమ్.","He made visual contact, ma'am."
"11","00:01:01,979","00:01:03,105","మళ్లీ నిర్థారించమను.","Reconfirm."
"12","00:01:03,105","00:01:04,940","మళ్లీ నిర్ధారించవలసిందిగా సెకండ్ డెస్క్ అడుగుతోంది.","Second Desk requests we reconfirm visual."
"13","00:01:05,022","00:01:08,694","మనకి కావలసింది 20లలో ఉన్న ఆసియన్ వ్యక్తి. బ్లూ షర్ట్, తెలుపు టీ షర్ట్ వేసుకొని, ఒక బ్యాగ్ తగిలించుకొని ఉంటాడు.","You're looking for an Asian male, 20s, backpack, blue shirt, white tee."
"14","00:01:08,694","00:01:12,072","అవును, నిర్ధారిస్తున్నాను, డాగ్స్ స్క్వాడ్ కూడా స్టాండ్ బైలో ఉన్నారు.","Yes, confirmed, and I have Dogs on standing by."
"15","00:01:17,661","00:01:18,829","నీ యెంకమ్మ.","Shit."
"16","00:01:18,829","00:01:21,039","అతను కనిపించకుండా పోయాడు. అప్పగింత జరిగి ఉండవచ్చు.","Lost visual. Possible handover."
"17","00:01:21,123","00:01:22,643","""అప్పగింత జరిగి ఉండవచ్చు"" అంటే?","What does he mean ""possible handover""?"
"18","00:01:22,708","00:01:24,894","- కార్ట్ రైట్ బాగా చూసి పక్కాగా చెప్పు. - సీసీటీవీలో ఏమైనా కనిపించిందా?","- [agent] Cartwright, clarify. - Did you catch anything on CCTV?"
"19","00:01:24,918","00:01:26,253","**[NO TELUGU MATCH FOUND]**","[agent sighs]"
"20","00:01:26,336","00:01:29,173","లేదు, ఆ పని చేయడానికి నువ్వు అక్కడ ఉంది. మళ్లీ చెప్తున్నా, చూసి పక్కాగా చెప్పు.","Negative, that's what you're there for. Repeat, clarify."
"21","00:01:29,173","00:01:32,843","అతనికి ఆ వ్యక్తి కనిపిస్తున్నాడు. అప్పగింత జరగడం చూశాడా, లేదా? కొద్ది సేపు పాటు అతను కనబడకుండా పోయాడు.","He has a visual. Did he see a handover or not? Lost visual momentarily."
"22","00:01:32,843","00:01:34,720","మళ్లీ చెప్తున్నాను, అప్పగింత జరిగి ఉండవచ్చు.","Repeat, possible handover."
"23","00:01:35,304","00:01:43,437","- అబ్బా. అడ్డు జరుగు. - క్లీనర్ అడ్డు ఉంది. మర్రకేష్ కి బయలుదేరనున్న లూసిట్ ఏయిర్వేస్ విమానం, ఎల్ ఎల్ టీ54కి బోర్డింగ్ ప్రక్రియ మొదలయింది.","- Come on. Get out of the way. - [agent] Blocked by the cleaner. [announcer] Lusit Airways are pleased to announce boarding for flight LLT154 to Marrakech."
"24","00:01:43,437","00:01:48,525","ముందుగా, కుటుంబాలను, సహాయం కావాలనుకున్న వ్యక్తులను ముందుకు రావలసిందిగా - కోరుతున్నాము. - జరగండి, జరగండి.","We would like to invite families and those requiring assistance - to come forward first. - Move, move, move."
"25","00:01:48,609","00:01:51,236","మీ పాస్ పోర్టులను, బోర్డింగ్ పాసులని సిద్ధంగా ఉంచండి.","[announcer] Please have your passports and boarding card ready."
"26","00:01:52,905","00:01:58,076","సరే, మళ్లీ మనకి కావలసిన వ్యక్తి కనిపిస్తున్నాడు, కానీ ఆ బ్యాగు నుండి ఒకటి బయటకు వెళ్లడం కానీ, ఒకటి లోపలకు రావడం కానీ జరిగి ఉంటుంది. అతడిని ఆగమని చెప్పు.","Okay, have full visual on target again, but something has definitely gone in or out of that backpack. Tell him to hold."
"27","00:01:58,160","00:02:00,495","కార్ట్ రైట్, ఉన్న చోటే ఉండు. అతడిని ఆపవద్దు.","[agent] Cartwright, hold your position. Do not intercept."
"28","00:02:00,579","00:02:02,122","వేచి ఉన్నందుకు థ్యాంక్యూ...","**[NO ENGLISH MATCH FOUND]**"
"29","00:02:02,206","00:02:05,143","- అతను నడుస్తున్నాడు. - అతను మాకు కనిపిస్తున్నాడు. ఆగు.","- [Cartwright] Target is on the move. - [agent] We have eyes on target. Hold."
"30","00:02:05,167","00:02:06,168","మేడమ్?","Ma'am?"
"31","00:02:07,461","00:02:10,797","ఉన్న చోటే ఉండు, కార్ట్ రైట్. ఎక్కడికీ కదలకు. మేము పరిస్థితిని అంచనా వేస్తున్నాం.","[agent] Hold your position, Cartwright. Hold your position. We are assessing."
"32","00:02:10,881","00:02:13,091","మన వ్యక్తి విమానాన్ని ఎక్కడానికి క్యూలో నిలబడుతున్నాడు. మీ నిర్ణయం కోసం వేచి చూస్తున్నా.","Target is joining the queue to board. Standing by."
"33","00:02:13,175","00:02:14,593","కాస్త ఓపికగా ఉండు.","Keep the channel clear, please."
"34","00:02:16,345","00:02:17,471","కానివ్వండి.","Come on."
"35","00:02:18,096","00:02:20,307","""అతడిని అడ్డుకోవద్దు,"" అని సెకండ్ డెస్క్ అంటున్నారు.","[agent] Second Desk says, ""Do not intercept."""
"36","00:02:22,684","00:02:25,020","కానివ్వండి, కానివ్వండి, కానివ్వండి.","[Cartwright] Come on, come on, come on, come on."
"37","00:02:28,690","00:02:30,817","- ఆదేశం ఇవ్వండి. - డాగ్స్ స్క్వాడ్ మీ ఆదేశాల కోసం ఎదురు చూస్తోంది, మేడమ్.","- Push the button. - Dogs are standing by, ma'am."
"38","00:02:33,278","00:02:35,632","వాడు కిందికి వెళ్తున్నాడు. అక్కడ కనీసం 300 మంది ఉన్నారు.","At least he's heading downstairs. There's 300 bodies up there."
"39","00:02:35,656","00:02:37,866","అవును, కానీ అతను ఇంధనంతో నిండుగా ఉన్న విమానం దగ్గరకి వెళ్తున్నాడు.","Yes, but he's headed to a plane loaded with fuel."
"40","00:02:38,534","00:02:40,953","మొదటి రౌండ్ ప్యాసింజర్లు టార్మాక్ మీదికి వచ్చేశారు, మేడమ్.","[agent] First passengers are on the tarmac, ma'am."
"41","00:02:45,999","00:02:47,793","- ఆదేశించండి. - అనుమానితుడిని పట్టుకోండి.","- Authorize. - Apprehend suspect."
"42","00:02:47,793","00:02:48,961","డాగ్స్ స్క్వాడ్, పట్టుకోండి.","Dogs, go."
"43","00:02:49,920","00:02:56,969","అడ్డు జరగండి! - అడ్డు తప్పుకోండి! - జరగండి!","- Move! - [all clamoring, shouting] - Out of the way! - Move!"
"44","00:02:59,096","00:03:02,516","- ఒంగో, ఒంగో! - ఏంటి ఇదంతా? నన్ను వదిలేయండి!","- Down, down, down! - [grunts] What the fuck? Get the fuck off me! [shouts]"
"45","00:03:03,016","00:03:05,352","కుదిరితే దూరంగా జరగండి. కంగారు పడకండి.","[announcer] Disperse if you can. Keep calm."
"46","00:03:05,352","00:03:07,729","- దూరంగా ఉండండి! - నన్ను వదలండి!","- Get back! - [suspect] Get off me!"
"47","00:03:07,813","00:03:09,541","- ఏం చేస్తున్నారు? - శాంతించు!","- [suspect] What the fuck? - [Cartwright] Relax!"
"48","00:03:09,565","00:03:11,209","- ఏం చేస్తున్నారు? - ట్రిగర్ లేదు.","- [suspect] What are you doing? - [Cartwright] No trigger."
"49","00:03:11,233","00:03:12,961","- ఎందుకు నన్ను వేధిస్తున్నారు? - ఇక్కడ వైరులేమీ లేవు.","- This is fucking harassment! - No wires here."
"50","00:03:12,985","00:03:14,695","- ఏమీ లేదు. - బ్యాగ్.","- Clear. - [Cartwright] Bag."
"51","00:03:14,778","00:03:15,988","**[NO TELUGU MATCH FOUND]**","[suspect groaning]"
"52","00:03:16,071","00:03:17,948","- నన్ను వదిలేయండి. వదిలేయండి. - అయిపోయింది.","- Get off! Get off me. - [Dog] Over."
"53","00:03:18,532","00:03:20,117","**[NO TELUGU MATCH FOUND]**","[shouts, groans]"
"54","00:03:21,118","00:03:24,621","ఎవరైనా ఈ అరాచకాన్ని వీడియో తీయండి! దేవుడా!","Somebody film this! [groans] Fuck!"
"55","00:03:24,705","00:03:26,957","- నన్ను వదిలేయండి! నా దగ్గర ఏమీ లేదు! - కుదురుగా ఉండు!","- Get off me! Nothing on me! - [Dog] Stop moving!"
"56","00:03:31,628","00:03:32,629","ఇతని దగ్గర ఏమీ లేదు.","He's clean."
"57","00:03:32,713","00:03:35,299","మళ్లీ చెప్పు. మళ్లీ చెప్పు!","[agent] Repeat. Repeat!"
"58","00:03:35,299","00:03:37,861","ఇతని దగ్గర ఏమీ లేదు. పరికరం కానీ, ఆయుధం కానీ ఏమీ లేదు.","[Cartwright] He's clean. There's no device, no weapon. Nothing."
"59","00:03:37,885","00:03:43,974","- మేడమ్? - అతను వేరే అనుమానితుని వెంట పడ్డాడు, లేదా మనకి వచ్చిన సమాచారం తప్పు అయ్యుండాలి, కానీ ఆ ప్రసక్తే లేదు. - మేడమ్, అతను మొదట్లోనే రెండు సార్లు నిర్ధారించాడు. - మళ్లీ నిర్ధారించమని అడుగు.","- Ma'am? - He has the wrong suspect, or we have the wrong intel, and we don't have the wrong intel. - Ma'am, he reconfirmed visual. - Reconfirm again."
"60","00:03:43,974","00:03:45,809","కార్ట్ రైట్, అనుమానితుని వివరాలు చెప్పు.","Cartwright, confirm suspect description."
"61","00:03:45,893","00:03:49,521","ఆసియన్ వ్యక్తి, బ్యాగ్ ఉంది, నీలం రంగు చొక్కా, తెల్లని టీ షర్ట్.","Asian male, 20s, backpack, blue shirt, white tee."
"62","00:03:49,605","00:03:51,106","నేను ""తెలుపు చొక్కా, నీలం రంగు టీ షర్ట్,"" అన్నా.","I said, ""white shirt, blue tee."""
"63","00:03:52,399","00:03:53,525","నువ్వు...","You..."
"64","00:03:53,609","00:03:56,737","లేదు, లేదు, నువ్వు... నువ్వు ""నీలం రంగు చొక్కా, తెల్లని టీ షర్ట్,"" అన్నావు.","No, no, no, no, you said... You said, ""blue shirt, white tee."""
"65","00:03:56,737","00:03:58,363","వెబ్.","[surveillance agent] Webb."
"66","00:03:58,447","00:03:59,448","ఆ.","**[NO ENGLISH MATCH FOUND]**"
"67","00:04:00,449","00:04:02,367","అయ్యయ్యో. ఆ ఫుటేజీని ప్రధాన స్క్రీన్ పై చూపెట్టు.","Shit. Put it on the main screen."
"68","00:04:02,451","00:04:04,786","తెల్ల చొక్క, నీలం రంగు టీ షర్ట్. అనుమానితుడు విమానం దిగి వస్తున్నాడు.","White shirt, blue tee. Suspect is inbound."
"69","00:04:04,870","00:04:06,914","విమానం దిగి వస్తున్నాడు, ప్రధాన టర్మినల్ లో ఉండే ఇమ్మిగ్రేషన్ వైపు వెళ్తున్నాడు.","Inbound, headed to immigration, main terminal."
"70","00:04:06,914","00:04:08,332","కార్ట్ రైట్ ని ఏం చేయవద్దని చెప్పు. అతను విఫలమయ్యాడు.","Stand Cartwright down. He's done."
"71","00:04:08,332","00:04:10,709","కార్ట్ రైట్, నువ్వు ఏమీ చేయవద్దని సెకండ్ డెస్క్ అంటున్నారు.","[Webb] Second Desk says stand down, Cartwright."
"72","00:04:13,337","00:04:14,630","అయ్యయ్యో.","Oh, shit."
"73","00:04:16,005","00:04:18,026","- అతడిని ఏం చేయవద్దని చెప్పు. - కార్ట్ రైట్, ఎక్కడికి వెళ్తున్నావు?","- Stand him down. - [Webb] Cartwright, where are you going?"
"74","00:04:18,050","00:04:19,903","నువ్వు వేరే అనుమానితుడిని వెంబడించావు. నువ్వు విఫలమయ్యావు.","You tailed the wrong suspect. You're stood down."
"75","00:04:19,927","00:04:21,678","వెంటనే ఆ ఎస్కలేటర్ యొక్క సీసీటీవీ ఫుటేజీని చూపించు.","Get me CCTV on that escalator now."
"76","00:04:26,266","00:04:28,912","- ఇమ్మిగ్రేషన్ వాళ్లకి చెప్పి అతడిని అక్కడే ఆపుదామా? - బాంబు ఉంది కాబట్టి అది మంచి పని కాదు.","- Should we have immigration hold him up? - Not with a bomb on his back."
"77","00:04:28,936","00:04:30,479","- యాంటీ టెర్రరిస్ట్ స్క్వాడ్ ని సిద్ధంగా ఉండమని చెప్పు. - సరే, మేడమ్.","- Get SO15 on standby. - Ma'am."
"78","00:04:30,562","00:04:32,231","యాంటీ టెర్రరిస్ట్ స్క్వాడ్, సిద్ధంగా ఉండండి.","[clears throat] SO15, standby."
"79","00:04:38,237","00:04:45,911","- రెండు నిమిషాల్లో బయటకు వచ్చేస్తాడు. - డఫీ, నీ డాగ్స్ స్క్వాడ్ ఎక్కడ? ఇంకా కార్ట్ రైట్ పట్టుకొన్న అనుమానితునితోనే ఉన్నారు. బాబోయ్! మీ వాళ్లు అక్కడికి చేరుకోలేకపోతే, కనీసం యాంటీ టెర్రరిస్ట్ స్క్వాడ్ ని అయినా రంగంలోకి దింపు.","- He'll be through in two minutes. - Duffy, where are your Dogs? Still airside with Cartwright's suspect. [Second Desk] Jesus Christ! If you can't get your guys there, get SO15 on the ground now."
"80","00:04:45,911","00:04:48,579","ఇమ్మిగ్రేషన్ వెనకాల ఏమైనా జరుగుతోందా? ఆగండి.","[Webb] We got something behind immigration? Excuse me."
"81","00:04:48,622","00:04:50,666","ఆగు! హేయ్!","[grunts] Hey! Hey!"
"82","00:04:50,666","00:04:52,334","ఎయిర్ ఫీల్డ్ ఆపరేషన్స్","**[NO ENGLISH MATCH FOUND]**"
"83","00:04:52,334","00:04:54,878","- ఇంకా ఎంత సేపు? - మూడు నిమిషాలు. అతను ఇమ్మిగ్రేషన్ దాటేశాడు.","- [Second Desk] How long? - Three minutes. He's through."
"84","00:05:00,884","00:05:02,644","అదుగోండి. లగేజ్ టర్మినల్ దగ్గరికి వెళ్తున్నాడు.","[Webb] There. He's headed to baggage reclaim."
"85","00:05:02,678","00:05:04,888","అతడి మీదే ఫోకస్ చేయండి. ఆ వరండా చివరి దాకా ఏం జరుగుతోందో నాకు తెలియాలి.","Stay on him. I need eyes at the end of that concourse."
"86","00:05:04,972","00:05:07,012","- సరే. ఇప్పుడే చూపిస్తా. - లగేజ్ టర్మినల్ వద్దకు వెళ్లండి.","- Yep. Coming up now. - [Webb] Head to the carousel."
"87","00:05:11,562","00:05:16,191","అతను అక్కడికే వెళ్తున్నాడు. లగేజ్ టర్మినల్ చివర ఉన్న కెమెరాలలోని ఫుటేజీని చూపండి. నాకు అక్కడ జరిగేది తెలియాలి.","[Webb] He's Headed to baggage reclaim. Give me cameras at the end of baggage reclaim. I want eyes there."
"88","00:05:28,912","00:05:30,455","ఒక్క డాగ్ స్క్బాడ్ మనిషి కూడా కనుచూపుమేరలో లేడు.","Not a Dog in sight."
"89","00:05:30,539","00:05:31,623","డఫీ, వాళ్లు మీ వాళ్లేనా?","Duffy, those are your guys?"
"90","00:05:31,707","00:05:33,208","లేదు, మేడమ్. వాళ్లు దార్లో ఉన్నారు.","No. No, ma'am. They're en route."
"91","00:05:33,292","00:05:35,395","డఫీ, ఆ వరండాలో ట్రాన్స్ పోర్ట్ పోలీసులు ఉన్నారు.","Duffy, surely we've got transport police on that concourse."
"92","00:05:35,419","00:05:37,171","వేచి చూస్తున్నారు. రెండు నిమిషాల్లో వచ్చేస్తారు.","Waiting. Inbound, two minutes."
"93","00:05:41,133","00:05:42,134","థ్యాంక్యూ!","Thank you!"
"94","00:05:44,720","00:05:46,305","అతను లగేజ్ టర్మినల్ దగ్గర ఆగట్లేదు.","He's not waiting for luggage."
"95","00:05:46,305","00:05:48,348","ఏంటి? ఆగకుండా వెళ్లిపోతున్నాడు.","What? He's walking straight out."
"96","00:05:59,067","00:06:00,235","అడ్డు తప్పుకోండి! జరగండి!","Get out of the way! Move!"
"97","00:06:00,319","00:06:05,782","జరగండి, జరగండి, జరగండి! మన్నించాలి.","- Move, move, move, move! - [people screaming, shouting] Sorry."
"98","00:06:06,783","00:06:08,452","నేను సెక్యూరిటీ సర్వీస్ ఆఫీసర్ ని!","- Whoa, whoa! - I'm service, I'm service."
"99","00:06:09,870","00:06:10,871","నేను సెక్యూరిటీ సర్వీస్ ఆఫీసర్ ని! తప్పుకోండి!","I'm service! Move now!"
"100","00:06:12,789","00:06:14,208","టాయిలెట్లు","**[NO ENGLISH MATCH FOUND]**"
"101","00:06:14,208","00:06:21,924","- నాకు ఫుటేజ్ కావాలి. ఏమీ కనబడట్లేదు ఎందుకు? - కెమెరాలేవీ లేవు, మేడమ్. - నాకు అక్కడ ఏం జరుగుతోందో తెలియాలి! - స్టాన్ స్టెడ్ వారిని సంప్రదించండి. డాగ్స్, అడ్డుకోండి! అనుమానితుడు ఇప్పుడు బయటకు వచ్చేశాడు. మీరు ఎక్కడ ఉన్నారు?","- I need an image. Why is it dark in there? - [agent 2] There's no cameras, ma'am. - I want eyes now! - Confirm with Stansted. Dogs, intercept! Suspect's now landside. Where are you?"
"102","00:06:27,971","00:06:30,014","- అదుగోండి. - అతను బ్యాగులను మార్చుకున్నాడు. అక్కడ అప్పగింత జరిగింది.","- There. - He swapped backpacks. That's the handover."
"103","00:06:30,849","00:06:31,849","అత్యవసర పరిస్థితి అని ప్రకటించండి.","Smash the glass."
"104","00:06:32,267","00:06:33,268","**[NO TELUGU MATCH FOUND]**","[alarm blaring]"
"105","00:06:32,809","00:06:35,812","ఒక అత్యవసర పరిస్థితి తలెత్తింది. అందరూ బయటకు వెళ్లిపోండి.","[announcer] This is an emergency. Please evacuate."
"106","00:06:35,729","00:06:37,606","**[NO TELUGU MATCH FOUND]**","[police officers shouting]"
"107","00:06:39,233","00:06:42,152","సోదరసోదరీమణులారా, టర్మినల్ నుండి బయటకు వెళ్లిపోండి!","[officer] Ladies and gentlemen, please evacuation the terminal!"
"108","00:06:42,236","00:06:45,989","ఎగ్జిట్ దాకా టర్మినల్ ని... - ...ఖాళీ చేయండి. ఈ ఎగ్జిట్. - ఏయే చోట్ల సురక్షితమో అంచనా వేయండి.","[Duffy] Evacuate the terminal all the way… - …this exit. This exit. - Work out the safe areas."
"109","00:06:46,073","00:06:47,550","వారిని సురక్షితంగా ఉంచండి. ఎవరినీ పంపించకండి.","Keep them safe. Don't let anyone pass."
"110","00:06:47,574","00:06:49,034","**[NO TELUGU MATCH FOUND]**","[police radio chatter]"
"111","00:06:50,869","00:06:52,955","**[NO TELUGU MATCH FOUND]**","[alarm continues]"
"112","00:06:56,124","00:06:58,919","సోదరసోదరీమణులారా, దయచేసి ఇటు వైపుకు రండి. వీలైనంత వేగంగా నడవండి.","This way please. Ladies and gentlemen, this way. Quick as you can."
"113","00:07:06,802","00:07:07,845","జరగండి, జరగండి, జరగండి!","Move, move, move, move!"
"114","00:07:08,720","00:07:10,556","**[NO TELUGU MATCH FOUND]**","[siren wailing]"
"115","00:07:10,639","00:07:11,640","జరగండి!","Move!"
"116","00:07:21,149","00:07:22,568","జరగండి! అడ్డు తప్పుకోండి!","Move! Aside!"
"117","00:07:23,151","00:07:28,699","జరగండి! అడ్డు తప్పుకోండి! జరగండి! అతను స్టాన్ స్టెడ్ ఎక్స్ ప్రెస్ దగ్గరకు వెళ్తున్నాడు.","- Move! Out of the way! Now! - [grunts] He's headed for the Stansted Express."
"118","00:07:31,285","00:07:37,040","పక్కకు జరగండి! జరగండి! పక్కకు జరగండి.","- Get out of the way! - [screams] Move! Get to the side."
"119","00:07:37,124","00:07:38,292","అడ్డు తప్పుకో!","Come on! [grunts]"
"120","00:07:40,961","00:07:42,421","అక్కడ ఎవరూ లేకుండా పూర్తిగా ఖాళీ చేయించండి.","Get it cleared. Full evacuation."
"121","00:07:42,421","00:07:44,144","రైల్వే స్టేషన్ లో ఎవరూ లేకుండా ఖాళీ చేయండి.","[Webb] Evacuate the entire train station."
"122","00:07:44,173","00:07:46,466","స్టాన్ స్టెడ్ కి వచ్చే రైళ్లన్నీ ఆగిపోవాలి.","I want any trains coming into Stansted halted."
"123","00:07:46,550","00:07:48,670","స్టేషన్ కి ఏవైనా రైళ్లు వస్తున్నట్లయితే, ఆ విషయం నాకు తెలియాలి.","Any trains that are in-bound, I need to know about it."
"124","00:07:48,719","00:07:50,137","జరగండి, జరగండి, జరగండి!","Move, move, move!"
"125","00:07:56,393","00:07:57,811","జరగండి, జరగండి, జరగండి!","[Cartwright] Move, move, move!"
"126","00:08:00,480","00:08:01,773","జరగండి, జరగండి, జరగండి!","Move, move, move!"
"127","00:08:02,441","00:08:04,985","- జరగండి, జరగండి, జరగండి! - ఇటు వైపుకు!","- Move, move, move, move, move! - This way!"
"128","00:08:06,028","00:08:07,779","ఆగకుండా వెళ్తూనే ఉండాలి. త్వరగా కానివ్వాలి.","[officer] Keep moving, guys. Come on."
"129","00:08:08,530","00:08:11,033","స్టేషన్ ని లాక్ డౌన్ చేసేశాం! ఆగండి! ఆగండి!","Place is closed! Stop! Stop!"
"130","00:08:11,033","00:08:13,410","ఏం చేస్తున్నావు?","What are you doing? [officer screams, strains]"
"131","00:08:24,963","00:08:30,511","ఆగు! వద్దు! రైలుకు దూరంగా జరుగు! దూరంగా జరుగు! ట్రిగ్గర్ నొక్కకు!","Stop! No! Step away now! Step away! Don't do it!"
"132","00:09:10,843","00:09:12,761","మిక్ హెర్రన్ రచించిన పుస్తకం ఆధారంగా రూపొందించబడింది","**[NO ENGLISH MATCH FOUND]**"
"133","00:09:21,144","00:09:23,355","ఈ ఫైల్, ఈ పరిసరాలని దాటి బయటకు వెళ్లరాదు","**[NO ENGLISH MATCH FOUND]**"
"134","00:09:23,438","00:09:26,233","**[NO TELUGU MATCH FOUND]**","[snoring]"
"135","00:09:26,316","00:09:30,779","ఎంఐ5 సెక్యూరిటీ సర్వీస్ వాళ్లకి మాత్రమే పంపబడింది","**[NO ENGLISH MATCH FOUND]**"
"136","00:09:40,789","00:09:42,624","**[NO TELUGU MATCH FOUND]**","- [passes gas] - [gasps, groans]"
"137","00:09:43,959","00:09:44,960","**[NO TELUGU MATCH FOUND]**","[sighs]"
"138","00:09:50,257","00:09:52,843","**[NO TELUGU MATCH FOUND]**","[groans, sighs]"
"139","00:10:01,518","00:10:02,519","**[NO TELUGU MATCH FOUND]**","[sniffs]"
"140","00:10:16,909","00:10:18,452","**[NO TELUGU MATCH FOUND]**","[coughing]"
"141","00:10:24,333","00:10:28,921","**[NO TELUGU MATCH FOUND]**","[coughs, breathes heavily]"
"142","00:10:52,402","00:10:54,530","బస్సులు లండన్ నగరం","**[NO ENGLISH MATCH FOUND]**"
"143","00:11:20,848","00:11:23,016","**[NO TELUGU MATCH FOUND]**","[chattering]"
"144","00:11:28,772","00:11:29,773","కాదా?","[person 1] No?"
"145","00:11:30,566","00:11:31,859","అవునా? సూపర్!","Yeah? Great!"
"146","00:11:49,376","00:11:50,669","స్టాండిష్.","[person] Standish."
"147","00:11:50,752","00:11:52,796","**[NO TELUGU MATCH FOUND]**","[sighs, inhales deeply]"
"148","00:12:01,638","00:12:04,266","- అందరూ వచ్చేశారా? - రివర్, ఇంకా సిడ్ తప్ప అందరూ వచ్చేశారు.","- Are you all in? - All except River and Sid."
"149","00:12:04,850","00:12:07,227","సరే, ఎవరు చివర వస్తే, వాళ్లు నా టాయిలెట్ ని శుభ్రపరచాలి.","Yeah, well, the last one in can clean my lav."
"150","00:12:07,311","00:12:09,438","**[NO TELUGU MATCH FOUND]**","[door opens, closes]"
"151","00:12:10,564","00:12:13,192","ఏజంట్లు చడీచప్పుడు కాకుండా పనులు చేస్తారు అనుకున్నానే.","I thought spooks were supposed to be stealthy."
"152","00:12:13,275","00:12:15,110","**[NO TELUGU MATCH FOUND]**","[footsteps approaching]"
"153","00:12:17,779","00:12:21,116","ఈ పనికిమాలిన ఆఫీసులో మరో పనికిమాలిన రోజు.","Another day dawns on MI-Fucking Useless."
"154","00:12:56,652","00:12:57,986","శుభోదయం, మ్యాక్స్.","Morning, Max."
"155","00:12:58,070","00:13:00,030","ఎప్పుడూ తీసుకునేదేనా, మిస్టర్ హోబ్డెన్?","The usual, Mr. Hobden?"
"156","00:13:00,030","00:13:02,115","అవును, మ్యాక్స్. ఎప్పుడూ తీసుకునేదే.","Yes, Max. [sighs] The usual."
"157","00:13:02,616","00:13:03,825","ద టైమ్స్","**[NO ENGLISH MATCH FOUND]**"
"158","00:13:08,914","00:13:10,499","అతని పేరు మ్యాక్స్ కాదు.","[patron] His name isn't Max."
"159","00:13:11,792","00:13:13,710","అవునా, షాప్ ముందు ""మ్యాక్స్"" అని రాసుందే.","Well, it says ""Max"" on the front of the shop."
"160","00:13:13,794","00:13:17,089","అవును, కానీ మిగతా సిబ్బంది అతడిని థియో అంటుంటే విన్నాను. పూర్తి పేరు, థియోడోసియస్.","Yeah, but I heard the staff call him Theo, short for Theodosios."
"161","00:13:18,131","00:13:19,800","నేను ""మ్యాక్స్"" అనే పిలుస్తానులే. చిన్నగా ఉంది.","I'll stick with ""Max."" Shorter."
"162","00:13:23,178","00:13:25,305","థియో ఇదుగోండి.","There you go."
"163","00:13:25,389","00:13:27,224","థ్యాంక్యు, మ్యాక్స్.","Thank you, Max."
"164","00:13:42,322","00:13:44,157","**[NO TELUGU MATCH FOUND]**","[footsteps approaching]"
"165","00:13:44,867","00:13:45,868","ఆల్బయన్ డ్రీమ్స్","**[NO ENGLISH MATCH FOUND]**"
"166","00:13:48,954","00:13:50,205","ఏం వెతుకుతున్నావు?","What are you looking for?"
"167","00:13:52,291","00:13:54,334","నేను ఎందుకు బతికి ఉండాలి అనే దానికి కారణం కోసం.","A reason not to blow my brains out."
"168","00:13:57,754","00:13:59,673","దేని కోసం వెతకాలో ఆయన ఇంకా చెప్పలేదు.","He hasn't told me yet what I'm looking for."
"169","00:13:59,673","00:14:01,842","గదికి ఇటు వైపు చెత్త అంతా పడేస్తున్నావు.","Dumping the rubbish this side of the room."
"170","00:14:01,842","00:14:04,303","అది నీకు నచ్చినంత మాత్రాన సిడ్ కి కూడా నచ్చుతుందంటావా?","Do you think Sid will find this as amusing as you do?"
"171","00:14:11,476","00:14:13,937","- హలో, క్యాథరిన్. - శుభోదయం. శుభోదయం.","- [person] Hello, Catherine. - Morning. Morning."
"172","00:14:16,231","00:14:22,529","బ్రాడ్ఫర్డ్ డ్రైవింగ్ లైసెన్స్ దరఖాస్తులు, చిరునామాలు, కౌన్సిల్ పన్ను రికార్డులు. అన్నీ సరిగ్గా ఉన్నాయో లేదో చూడు.","Bradford driving license applications, addresses, council tax records. Cross-check."
"173","00:14:23,071","00:14:24,573","ఇవన్నీ 2005 ఏడాదివి.","Well, these are from 2005."
"174","00:14:25,490","00:14:29,453","గతేడాది లూటన్ లైబ్రరీలు అరువుగా ఇచ్చిన డబ్బుకు సంబంధించిన వివరాలు. కనీసం నీదైనా వర్తమానానికి దగ్గరగా ఉంది.","[Catherine] The lending list from Luton libraries in the last year. At least yours is topical."
"175","00:14:29,453","00:14:36,378","మనీ లాండరింగ్ జరిగి ఉన్నట్టు సూచించే రుణాలను రిపోర్ట్ చేయ్. నిజంగా అడుగుతున్నావా? లైబ్రరీ నుండి రుణం తీసుకొనే వాళ్లకి మనీ లాండరింగ్ చేసేంత డబ్బు ఉండదేమో.","[Catherine] Flag any borrowing that suggests money laundering. Really? Someone looking that up in the library probably doesn't have that much money to launder."
"176","00:14:36,460","00:14:38,587","యూస్టన్ ప్రాంతంలో పార్కింగ్ ఉల్లంఘనలకు విధించబడిన జరిమానాలు ఇవి.","Parking tickets from the Euston area."
"177","00:14:41,340","00:14:42,799","1990ల కాలానివా?","From the '90s?"
"178","00:14:42,883","00:14:44,343","అన్ని కోణాలనూ నిశితంగా పరిశీలించాలంటావు, అంతేనా?","No stone unturned, eh?"
"179","00:14:44,343","00:14:45,469","క్యాథరిన్!","[gasps] Oh, Catherine!"
"180","00:14:45,469","00:14:51,683","క్యాథరిన్, వెళ్లే ముందు ఓ విషయం, ఈ ఇద్దరు చవటలు, పబ్ క్విజ్ టీమ్ గా ఏర్పడదామంటే అస్సలు ఒప్పుకోవడం లేదు.","Catherine, before you go, these two stick-in-the-muds are giving my idea of a pub quiz team a big thumbs down."
"181","00:14:51,767","00:14:53,519","నిజానికి, నేనైతే దొబ్బేయ్ రా అని అన్నాను.","Actually, I gave it a fat middle finger."
"182","00:14:53,519","00:14:57,147","ఏంటి, గయ్స్! టీమ్ స్పిరిట్ ఉండాలి కదా? క్యాథరిన్?","Come on, guys! What about team spirit? Catherine?"
"183","00:14:57,231","00:14:58,232","కుదరదు.","No."
"184","00:14:58,232","00:15:01,527","- ""కుదరదు"" అంటే ""తర్వాత అడగమనా,"" లేకపోతే... - అస్సలు కుదరదు అని.","- ""No,"" as in ""Ask me later,"" or-or no... - [Catherine] As in, ""no."""
"185","00:15:03,820","00:15:06,365","ఈ క్యాథరిన్ మహా మొండిదబ్బా, కానీ తనని ఎప్పుడోకప్పుడు నా దారిలోకి తెచ్చుకుంటాలే.","Tough nut to crack, that Catherine, but I'll get there."
"186","00:15:06,365","00:15:08,909","- వదిలేయ్. తను ఎప్పుడూ సీరియస్ గానే ఉంటుంది. - మరి తమరు?","- Forget it. She never lightens up. - Would you?"
"187","00:15:08,909","00:15:11,161","నేనే ల్యాంబ్ సేవకుడిని అయితే, నేను కూడా అలాగే ఉండేవాడిని.","If I was Lamb's lackey, no."
"188","00:15:11,245","00:15:14,248","అది కాదు, నా ఉద్దేశం ఏంటంటే, ఆమె ఇక్కడికి రాక ముందు ఏం జరిగింది అని.","No, I meant what happened before. Before she came here."
"189","00:15:14,248","00:15:16,667","అంటే, ల్యాంబ్ కూడా దాని గురించి ఆలోచించాలనే కోరుకుంటున్నా.","Yeah, well, I... I wish Lamb would go that way."
"190","00:15:16,750","00:15:18,085","**[NO TELUGU MATCH FOUND]**","[chuckles]"
"191","00:15:21,588","00:15:24,883","కనీసం ఇవాళైనా నాకు రవ్వంత సవాలుగా అనిపించేది ఇస్తావా?","Is today the day you finally give me something remotely challenging?"
"192","00:15:25,592","00:15:28,637","గత దశాబ్దానికి చెందిన, సిరియా కోసం చేసిన విమాన ఎంక్వైరీలు.","Flight inquiries to Syria from the previous decade."
"193","00:15:29,179","00:15:31,014","దీన్ని కూడా సవాలు అంటారా!","No, it isn't."
"194","00:15:31,098","00:15:35,853","దీనికి ఒక ఆల్గారిథమ్ ని రాసి, మిగతా తొమ్మిది గంటల సమయాన్ని ఖాళీ సమయంగా భావిస్తాను.","Well, I'll set up an algorithm for that and treat the remaining nine hours of the day as my own time."
"195","00:15:36,979","00:15:42,401","జెడ్? ఆ బస్ స్టాప్ కి వచ్చే జనాలను కాస్త భయపెట్టకుండా ఉండరాదూ? ట్రాఫిక్ పోలీసులు అడుగుతున్నారు.","Jed? Transport police are asking if you can stop scaring people away from that bus stop."
"196","00:15:43,277","00:15:46,572","- వాళ్లు మనపై నిఘా పెడుతున్నారేమో. - వాళ్లు కేవలం బస్సు కోసమే వచ్చి ఉండవచ్చు కదా.","- They could be watching us. - Or they could be waiting for a bus."
"197","00:15:47,322","00:15:51,451","ఇంకో విషయం, కింద చైనీస్ రెస్టారెంట్ లో - కొత్తగా నియమించబడ్డ అభ్యర్థి ఉన్నాడట... - అబ్బా!","Also, Lamb says there's a new hire - at the Chinese down... - Oh, fuck me!"
"198","00:15:51,535","00:15:54,413","- నువ్వు వెళ్లి... - తెలుసు, నాకు తెలుసు. ఇంటర్వ్యూ చేయాలి, బ్యాక్ గ్రౌండ్ చెక్ చేయాలి.","- And he'd like... - [Jed] I know, I know. Interview and background."
"199","00:15:54,413","00:15:57,916","అతని వద్ద సరైన పత్రాలు లేకపోతే, ఉచితంగా తినే అవకాశం కోల్పోయినట్టే.","And if he happens to be undocumented, it's five free meals to look the other way."
"200","00:15:58,000","00:15:59,209","ఛ.","Man."
"201","00:16:00,043","00:16:02,588","లేదు, నేను పరిస్థితిని చాలా జాగ్రత్తగా గమనిస్తున్నాను.","No, I've been keeping me eyes on the water."
"202","00:16:02,588","00:16:09,428","కానీ అది ఎవరో తెలుసుకుందామని ఆగుతున్నాను, కానీ అది బయటపడ్డాక, నా 2,000 పదాల ఆర్టికల్ ని ప్రచురిస్తావని నువ్వు నాకు హామీ ఇవ్వాలి. ప్రధాన మంత్రికి మద్దతు ఇచ్చేది లేదని జడ్ తెలిపారు","I'm just waiting for a fin to surface, but I need you to guarantee me 2,000 words once it breaks."
"203","00:16:09,428","00:16:11,263","ఇది బోఫోర్స్ కుంభకోణానికి ఏమీ తీసిపోదు.","It's like your Watergate."
"204","00:16:12,890","00:16:15,225","విషయమేంటంటే, దాని గురించి నేను ఇప్పుడు చెప్పలేను, ఎందుకంటే...","You know what? I can't tell you now because it..."
"205","00:16:16,268","00:16:19,771","**[NO TELUGU MATCH FOUND]**","[sighing]"
"206","00:16:23,775","00:16:31,533","మన్నించాలి, నేను ఇంతకు ముందు మీకు ఆ పేరు ఎందుకు చెప్పానంటే, గ్రీస్ లో నేను ఒక ఏడాది పాటు చదివాను, ఆ పేరు నాకు యిట్టె సుపరిచితమైనదిలా అనిపించింది.","Sorry, um, the reason I interrupted before is because I spent a year studying in Greece and the name caught my ear."
"207","00:16:32,034","00:16:34,203","ఒక వెయ్యి ఏళ్ల క్రితం అది చాలా గొప్ప దేశమే.","Was a great country a couple of thousand years ago."
"208","00:16:34,203","00:16:35,954","అవును.","[chuckles] Yeah."
"209","00:16:36,038","00:16:39,499","ఇప్పుడు మళ్లీ ఎందుకు పలకరిస్తున్నానంటే, మీ ""టైమ్స్"" పత్రికని చదివి ఇవ్వడానికి ఇస్తారేమో అని అడగడానికి.","And I'm interrupting now because I was hoping I could borrow your Times."
"210","00:16:41,960","00:16:45,380","- అలాగే. - థ్యాంక్యూ.","[scoffs] Fine. [chuckles] Thank you."
"211","00:16:45,464","00:16:47,090","ఓరి నాయనోయ్...","- [groans] - Oh, what..."
"212","00:16:47,174","00:16:48,800","- ఓరి దేవుడా. నన్ను మన్నించండి... - ఛ.","- Oh, my God. I am so... - Oh, shit."
"213","00:16:48,884","00:16:50,969","- మన్నించండి. నేను చూసుకోలేదు. - అయ్యయ్యో.","- I am so sorry. I'm so sorry. Sorry. - Oh, shit."
"214","00:16:51,637","00:16:56,016","టవల్స్ కానీ న్యాప్ కిన్స్ కానీ ఇస్తారా? లేదా టిష్యూస్ అయినా ఇస్తారా?","Can I please have some towels? Okay. Can I just have some serviettes?"
"215","00:16:56,016","00:16:58,185","కాదు, నాకు ఇంకా కొన్ని కావాలి.","No, I need more serviettes."
"216","00:16:58,185","00:17:00,771","- దేవుడా, నేను... - ఇవుగోండి.","- God, I'm so, um, um... - Here. Here."
"217","00:17:00,771","00:17:02,481","అవును, న్యాప్ కిన్స్. ఇంకొన్ని ఇస్తారా?","Yeah, napkins. Can we get some more?"
"218","00:17:02,481","00:17:03,690","థ్యాంక్యూ.","- Oh! [groans] - Thank you."
"219","00:17:03,774","00:17:07,277","మ్యాక్స్, ఇది చాలదు. ఇంకా... ఇంకొన్ని న్యాప్ కిన్లు కావాలి.","Max, this is not enough. Have you... Have you got any more serviettes?"
"220","00:17:07,361","00:17:09,569","- మ్యాక్స్, అది ఇవ్వు. - తీసుకోండి.","- Max, pass me that. - [Theo] Take this. Take this."
"221","00:17:10,695","00:17:13,742","- వదిలేయండి. పర్వాలేదు. - నేను ఏ లోకంలో ఉన్నానో ఏమో.","- [Robert] Just leave it. Excuse me. - I'm so, so clumsy."
"222","00:17:13,742","00:17:16,368","- వదిలేయండి. - నాకు చాలా బాధగా ఉంది. మీ ల్యాప్ టాప్ కి ఏం కాలేదు కదా?","- Would you leave it? - No, I feel so bad. Is your laptop okay?"
"223","00:17:16,453","00:17:18,413","పర్వాలేదు. నేను తుడుస్తాను ఆగండి.","[Theo] It's okay. Let me clean it up now."
"224","00:17:18,954","00:17:19,998","ఛ!","Fuck!"
"225","00:17:20,582","00:17:22,290","ఈ చెత్త...","[scoffs] Fucking…"
"226","00:17:22,876","00:17:24,294","**[NO TELUGU MATCH FOUND]**","[sniffs, gags]"
"227","00:17:25,087","00:17:26,338","**[NO TELUGU MATCH FOUND]**","[thumping]"
"228","00:17:39,685","00:17:40,811","మీరు నేలని కాలితో తన్ని పిలిచారా?","You thumped?"
"229","00:17:42,437","00:17:43,647","ఏమైనా దొరికిందా?","Did you find anything?"
"230","00:17:45,190","00:17:46,608","అసలు ఏం వెతకాలో తెలిస్తే కదా.","I don't know what I'm looking for."
"231","00:17:46,692","00:17:50,779","అవును, దూసుకుపోవలసిన తమరి కెరీర్ తాలూకు అవశేషాలు కోసం వెతుకు.","Yeah, uh, the remnants of a once-promising career."
"232","00:17:52,948","00:17:56,451","మనకి నిఘా సమాచారం ఏమైనా వచ్చిందా, లేక ఊహించి ఇలా వెతుకుతున్నామా?","Are we actually acting on any intel, or are we just fishing?"
"233","00:17:56,535","00:17:58,829","విషయమేంటంటే, నన్ను ప్రశ్నలు అడిగే అర్హత నీకు లేదు.","Yeah, but now, you don't get to ask questions."
"234","00:17:59,329","00:18:02,291","చేతకానితనాన్ని ప్రదర్శించని ఏజంట్లకు అడిగే అర్హత ఉంది, నీకు లేదు.","That's for spies who haven't shat the bed."
"235","00:18:02,875","00:18:06,420","అందులో నీకేం దొరికాయి? ఏవైనా పాత నోట్ బుక్స్ దొరికాయా?","[clicks tongue] So, what did you find? Any old notebooks?"
"236","00:18:07,671","00:18:10,132","ఒక పుస్తకం యొక్క అట్ట దొరికింది, కానీ అందులో పేజీలేవీ లేవు.","Uh, the cardboard backing of one, but no pages."
"237","00:18:10,132","00:18:11,592","డ్రగ్స్ వాడకాన్ని సూచించే ఆధారం ఏదైనా దొరికిందా?","Evidence of drug use?"
"238","00:18:11,592","00:18:13,635","ఒక ప్యారసెటమాల్ యొక్క ఖాళీ పెట్టె దొరికింది.","Empty box of paracetamol, yeah."
"239","00:18:13,719","00:18:15,179","ఖాళీ మందు సీసాలు?","Empty booze bottles?"
"240","00:18:15,179","00:18:17,431","అవి అతని రీసైక్లింగ్ బిన్ లో ఉంటాయేమో.","In his recycling bin, I imagine."
"241","00:18:17,431","00:18:19,433","అబ్బా.","Oh, Christ."
"242","00:18:19,433","00:18:23,729","నాకే అలా అనిపిస్తుందా, లేక 1979 తర్వాత వినోదం అంతమైపోయిందా?","Is it me, or did all the fun go out of everything around 1979?"
"243","00:18:23,729","00:18:27,417","మనం దేని కోసమైనా వెతుకుతున్నామా, లేదా మనం వెతుకుతున్నామని అతనికి తెలిసేలా చేయాలనుకుంటున్నామా?","Are we looking for something, or are we just wanting him to know that we are looking at him?"
"244","00:18:27,441","00:18:30,611","""మనం"" అంటావేంటి? ""మనం"" లేదు తొక్కా లేదు.","What's all this ""we""? There is no ""we."""
"245","00:18:30,611","00:18:33,488","నేను చెప్తాను, నువ్వు చేయాలి, అంతే.","There's just me telling you what to do."
"246","00:18:33,572","00:18:36,575","సరే. అతడిపై కన్నేసి ఉంచమంటారా?","Okay. Do you want to tell me to put him under surveillance?"
"247","00:18:36,658","00:18:38,452","ఎవరిపై?","[breathes heavily] Who?"
"248","00:18:39,620","00:18:40,621","హోబ్డెన్.","Hobden."
"249","00:18:41,413","00:18:44,333","ఏంటి, నువ్వు నిఘా పని చూసుకుంటవా?","Wha... Wha... You would be doing the surveillance?"
"250","00:18:44,333","00:18:45,542","అవును.","Yeah."
"251","00:18:46,210","00:18:47,461","- నువ్వు? - అవును.","- You? - Yeah."
"252","00:18:47,544","00:18:50,380","**[NO TELUGU MATCH FOUND]**","[chuckling] Well... [laughs]"
"253","00:18:48,921","00:18:50,380","బాబోయ్...","**[NO ENGLISH MATCH FOUND]**"
"254","00:18:50,464","00:18:59,306","భలే... భలే మాట చెప్పావులే, కానీ కిందటి సారి నీకు బాధ్యత అప్పగించినప్పుడు, చాలా మంది అమాయకులు ప్రాణాలు గాల్లో కలిసిపోయాయి.","That's a... Well, that's an interesting proposition, considering the last time you were given any sort of responsibility, a load of innocent people got blown to bits."
"255","00:18:59,306","00:19:00,557","మళ్లీ మొదలుపెట్టారా!","And there it is."
"256","00:19:00,641","00:19:06,480","అది నీకు విసుగు తెప్పించినా నేనేమీ చేయలేను, కార్ట్ రైట్, కానీ అది నువ్వు అనుకున్నంత చిన్న పొరపాటు కాదు.","Well, I'm sorry you find it so tiresome, Cartwright, but it's not the social faux pas you seem to think it was."
"257","00:19:06,480","00:19:10,275","నువ్వేమీ ఒకరి పెళ్లికి వెళ్లి వాంతి చేసుకోలేదు.","You... You didn't break wind during someone's wedding vows."
"258","00:19:10,901","00:19:19,076","నీ వల్ల ఏం జరిగింది? 149 మంది చనిపోయారు, 212 మంది గాయపడ్డారు, ముప్పై కోట్ల ఆస్తి నష్టం, 4,000 కోట్ల ఆదాయ నష్టం జరిగింది...","What was it? Uh, 149 dead, 212 injured, uh, three million in damages, half a billion in lost revenue..."
"259","00:19:19,076","00:19:20,744","అది ట్రయినింగ్ లో భాగంగా జరిగింది.","It was a training exercise."
"260","00:19:20,744","00:19:31,255","ఉదాహరణకు, ఒక పైలట్, శిక్షణలో ఉన్నప్పుడు పేలవమైన ప్రదర్శనను కనబరిచి, ""మన్నించాలి, ఇది కేవలం ప్రాక్టీస్ మాత్రమే కదా,"" అని తీసిపారేసి, నిజంగా విమానం నడుపుతాడని ఆశించడంలో అర్థం లేదు కదా.","[stammers] If a pilot crashes a simulator, he doesn't then brush it off and go, ""Well, I'm sorry. It was a fucking exercise,"" and then expect to be put behind the wheel of a 747."
"261","00:19:31,255","00:19:34,508","- అదీ, ఇదీ ఒకటే కాదు. - నిజమే, ఇది దాని కన్నా దారుణమైనది.","- It's not the same thing. - [stammers] No, it's worse, you tit."
"262","00:19:37,344","00:19:42,891","- అయితే, ప్రతీ రోజు నాకు ఈ నరకం తప్పదా? - నీ ముఖమే కనుక నాకు నచ్చి ఉంటే వీకెండ్స్ లో కూడా మీ ఇంటికి వచ్చి నీ ముఖాన్నే చూస్తూ గడిపేవాడిని.","- You're gonna do this every day then? - If I didn't hate the sight of you, I'd come to your home and do it at the weekends too."
"263","00:19:42,975","00:19:50,190","ఈ ఆఫీసులో నా చుట్టూరా ఎందుకూ పనికి రాని దద్దమ్మలు ఉన్నారు, కానీ నువ్వు వాళ్లకి దేవుడిలాంటి వాడివి.","[stammers] I am surrounded by fuckups in this building, but you are the gold standard of fuckups."
"264","00:19:50,274","00:19:52,651","నిజానికి, అసలు నువ్వు ఇక్కడ కూడా ఉండకూడదు.","By all rights, you shouldn't even be here."
"265","00:19:53,610","00:19:56,089","ఈ నరకంలాంటి జీవితంలోకి కాకుండా నేరుగా నరకానికే పోయుండేవాడివి.","You should've skipped this purgatory and gone straight to hell."
"266","00:19:56,113","00:19:57,322","అక్కడ నిన్ను నూనెలో వేంచి ఉండేవారు.","Melted you down for glue."
"267","00:19:57,406","00:20:01,201","కానీ నీ పేరులో కార్ట్ రైట్ ఉంది కదా, దాని నుండి తప్పించుకున్నావు.","But you avoided that because your name is Cartwright."
"268","00:20:01,285","00:20:08,000","కాబట్టి, ఆ పనికిమాలిన ఛాందసవాది జర్నలిస్ చెత్తలో నీ చేత ఎందుకు వెతికిపిస్తున్నాను అనే ఆలోచన నీకు వస్తే, ఇక ఆ ఆలోచన మానుకో.","So when you wonder why I have you going through the rubbish of a disgraced right-wing journo, wonder no more."
"269","00:20:09,084","00:20:12,254","ఎందుకంటే, నువ్వంటే నాకు అసహ్యం కాబట్టి.","[inhales deeply, sighs] It's because I don't like you."
"270","00:20:13,380","00:20:14,840","నువ్వు ఇక్కడి నుండి దొబ్బేయడమే నాకు కావాలి.","And I want you to quit."
"271","00:20:17,509","00:20:20,387","అయితే, వెళ్లి ఆ చెత్తలో వెతకడం ప్రారంభిస్తే, ఓకేనా?","[smacks lips] I'll just get back to, uh, retching then, shall I?"
"272","00:20:22,639","00:20:24,474","సూపర్, సిడ్.","Ah, nice one, Sid."
"273","00:20:25,309","00:20:28,228","స్టాండిష్! ఫ్లాష్ బాక్స్ తీసుకురా.","Standish! Flashbox."
"274","00:20:28,312","00:20:30,564","**[NO TELUGU MATCH FOUND]**","[groans, sighs]"
"275","00:20:31,106","00:20:32,649","- ఇది హోబ్డెన్ ల్యాప్ టాప్ ఆ? - కాదు, నాది.","- Is this Hobden's? - It's mine."
"276","00:20:32,733","00:20:34,193","అతను కీ చెయిన్ కి పెన్ డ్రైవ్ తగిలించుకున్నాడు.","He has a USB stick on his key ring."
"277","00:20:34,193","00:20:36,653","నేను అతడిని పక్కదారి పట్టించి, ఆ పెన్ డ్రైవ్ లోని ఫైల్స్ ని దీనిలోకి కాపీ చేశాను.","I distracted him and copied the contents onto here."
"278","00:20:36,737","00:20:38,280","అతను గమనించాడా?","Well, he notice?"
"279","00:20:38,280","00:20:42,743","అతని కీ చెయిన్ ని కానీ, నా ల్యాప్ టాప్ ని కానీ అస్సలు చూడలేదు. చూశావా, కార్ట్ రైట్. తను మంచి ఏజంట్.","Never looked at his keys, never looked at my laptop. You see, Cartwright. She is a good agent."
"280","00:20:42,743","00:20:46,663","అందుకే, నిఘా పనులని నీకు కాకుండా తనకి అప్పగిస్తాను.","And this is why I put Sid on surveillance and not you."
"281","00:20:46,747","00:20:49,041","మరి, ఆ చెత్తలో వెతికే పని ఇప్పుడు నన్నే చేయమంటారా?","You still want me to itemize his rubbish, though, do you?"
"282","00:20:49,041","00:20:53,337","అదా? నువ్వే చేయ్. ఆ పని అయ్యాక, ఆ చెత్తనంతటినీ డస్ట్ బిన్ లో పడేయ్, నన్ను అడగాల్సిన పని కూడా లేదు.","That? Oh, yeah, yeah. And, uh, when you're done, save me the bother and chuck it all in the bin."
"283","00:20:54,296","00:20:55,547","ఆ పెన్ డ్రైవ్ లో ఏం ఉండింది?","What was on the stick?"
"284","00:20:55,631","00:20:57,090","నాకేం తెలుసు. అది తెలుసుకోవాల్సిన పని నాది కాదు.","I don't know. It's not my remit."
"285","00:20:57,716","00:20:59,611","నీ పని కాదంటావేంటి... ఆ పెన్ డ్రైవ్ లో ఏముందో చెప్పు.","What do you mean not your... Just tell me what was on the stick."
"286","00:20:59,635","00:21:03,639","హేయ్, నేను ఫోన్ చేయాలి, కాబట్టి మీరిద్దరూ ఇక్కడి నుండి దయచేస్తారా!","Hey, I've got a call to make, so if the pair of you wouldn't mind, you know, fucking off."
"287","00:21:09,478","00:21:10,938","డయానా మహారాణికి ఫోన్ కలిపి ఇవ్వు.","Uh, get me Lady Di."
"288","00:21:10,938","00:21:14,525","- హోబ్డెన్ పనిని మనిద్దరికీ ఎందుకు అప్పజెప్పాడు? - నీకు అప్పజెప్పినట్టు ఏమీ కాదులే.","- Why did he have us both on Hobden? - Well, you weren't really on him."
"289","00:21:15,108","00:21:17,110","లేదు, ఒకప్పుడు ప్రముఖుడైన జర్నలిస్టుపై ఇద్దరు నిఘా ఉంచడం ఎందుకని?","No, but two agents on a has-been journalist."
"290","00:21:17,194","00:21:19,071","అది... అది మరీ అతిలా అనిపిస్తోంది.","That just... It just feels like overkill."
"291","00:21:19,071","00:21:21,406","అదికూడా, మనం స్లౌ హౌస్ నుండి ఆపరేషన్స్ ఏమీ చేయం కదా.","Especially when we don't run ops from Slough House."
"292","00:21:21,490","00:21:23,992","చూస్తుంటే మనం ఆపరేషన్ చేస్తున్నామనే అనిపిస్తోంది, రివర్. అంటే, నేను అనుకో.","Apparently, we do, River. Or I do."
"293","00:21:24,076","00:21:26,328","- నువ్వు రివర్ అని నన్నెప్పుడూ పిలవలేదు. - నిన్నేంటి, అలా నేను ఎవరినీ పిలవలేదు.","- You never call me River. - I never call anyone River."
"294","00:21:26,328","00:21:28,830","మా అమ్మ అప్పుడు వేరే లోకంలో ఉండి నాకు ఆ పేరు పెట్టింది.","Yeah, well, thank my mother. It was her hippie phase."
"295","00:21:28,914","00:21:30,332","నీకు కావలసింది సంపాదించాను.","I got what you wanted."
"296","00:21:31,083","00:21:36,421","అంతానా? చెత్తలో ఏమీ లేదు, కానీ అతని ల్యాప్ టాప్ లో ఉండే ఫైళ్ళు మాత్రం దక్కాయి.","- [Diana] All of it? - [stammers, sighs] There was nothing in the rubbish, but we got his laptop files."
"297","00:21:37,923","00:21:39,591","వీటిని తీసుకోవడానికి ఎవరినైనా పంపుతున్నావా?","[sighs] You sending a courier?"
"298","00:21:39,675","00:21:41,552","ఇక్కడ ఉండే మంచి ఏజంట్లను పంపి వాళ్ల సమయం వృథా చేయలేను.","I'm not gonna waste one of my grown-up spies."
"299","00:21:41,552","00:21:43,011","మీ గాడిదలనే పంపు.","Send one of your donkeys."
"300","00:21:43,095","00:21:45,764","సరే, కానీ, నేను అది చేరుకుంటుందని మాత్రం హామీ ఇవ్వలేను.","[chuckles] Okay, but I, uh... I can't guarantee it'll get there."
"301","00:21:45,848","00:21:48,183","సిడ్ బేకర్ ని పంపు. అక్కడున్న వాళ్లలో తనే మేలు.","Send Sid Baker. She's the most capable."
"302","00:21:48,267","00:21:50,269","తక్కువ పనికిమాలిన ఏజంట్ అనా నీ ఉద్దేశం?","Oh, you mean the least shit?"
"303","00:21:51,186","00:21:54,898","ఇంకో విషయం, డయానా, నువ్వు నాకు రుణపడి ఉన్నావు.","Uh, and just to be clear, Diana, you owe me."
"304","00:21:54,982","00:21:57,317","నువ్వు ఎలా అంటే అలా, జాక్సన్.","Whatever you say, Jackson. [inhales deeply]"
"305","00:21:57,401","00:21:59,361","ఎవరికి ఇవ్వమని చెప్పాలి?","Who's it going to? [sniffs]"
"306","00:22:05,909","00:22:07,703","ఈ చెత్తనంతా శుభ్రపరుస్తావా?","[Sid] Are you gonna clean this rubbish up?"
"307","00:22:09,162","00:22:11,373","లేదు, నేను దాన్ని అలానే ఉంచేదామనుకున్నాను.","No, no, I... I thought I'd just leave it there."
"308","00:22:12,416","00:22:15,085","శుభ్రపరుస్తానులే.","Yes. Of course I'm gonna clean it up."
"309","00:22:15,169","00:22:16,170","ఎప్పుడు?","When?"
"310","00:22:16,753","00:22:19,464","నువ్వు నాకు అవకాశం ఇచ్చినప్పుడు. నేను ఇప్పుడే కూర్చున్నాను.","When you give me a chance. I've literally just sat down."
"311","00:22:19,548","00:22:21,842","సరే, నీకు అవకాశం ఇస్తున్నా. కాఫీకి వెళ్తున్నా, శుభ్రం చేసేయ్.","Okay, well, here's your chance. I'm going for a coffee."
"312","00:22:22,759","00:22:23,969","ఇందాకే కాఫీ తాగావు కదా!","You've already had a coffee."
"313","00:22:24,803","00:22:26,722","ఒకటి కంటే ఎక్కువ తాగకూడదా ఏంటి! నేను ఎదిగిన అమ్మాయిని. నా ఇష్టం.","I'm allowed more than one. I'm a big girl."
"314","00:22:27,764","00:22:30,267","ఇంకో విషయం, ఆ గ్లవ్స్ నీకు బాగా సరిపోయాయి.","[inhales sharply] The gloves really suit you, by the way."
"315","00:22:30,267","00:22:32,662","- ఎగతాళి చేస్తున్నావు కదా? - ఎలా చేయాలో కూడా నాకు అర్థం కావట్లేదు.","- Taking the piss, is it? - I wouldn't know where to start."
"316","00:22:32,686","00:22:34,438","బై.","- [chuckling] - [Sid] Bye."
"317","00:22:35,355","00:22:36,857","**[NO TELUGU MATCH FOUND]**","[thumping]"
"318","00:22:40,194","00:22:42,321","**[NO TELUGU MATCH FOUND]**","[toilet flushes]"
"319","00:22:47,117","00:22:48,118","**[NO TELUGU MATCH FOUND]**","Oh."
"320","00:22:49,661","00:22:51,747","నేను సిడ్ కోసం తన్నాను.","I was thumping for Sid."
"321","00:22:51,747","00:22:53,457","సిడ్ కాఫీకి వెళ్లింది.","Sid's gone for coffee."
"322","00:22:53,457","00:22:57,336","లేదు, తను ఇందాకే కాఫీ తాగింది. నీ నుంచి పారిపోవాలని తను అలా చెప్పింది.","No, she's already had coffee. She was getting away from you."
"323","00:22:58,795","00:23:00,422","నీ పక్కన ఉంటే తను కూడా నీలానే తయారవుతుందని.","Failure's contagious."
"324","00:23:01,798","00:23:02,883","దీన్ని ఇచ్చిరా.","Deliver this."
"325","00:23:03,634","00:23:05,219","ఎక్కడ ఇవ్వాలి?","- [grunts] - Where?"
"326","00:23:05,219","00:23:06,803","రీజెంట్స్ పార్క్.","Regent's Park."
"327","00:23:08,680","00:23:10,390","అయితే ఈ హోబ్డెన్ పనిని రీజెంట్స్ పార్క్ వాళ్లు చేయమన్నారా?","Oh, so this Hobden thing is Regent's Park?"
"328","00:23:10,974","00:23:14,811","అవును మరి. స్లౌ హౌస్ నుండి మనం ఆపరేషన్స్ చేయం కదా.","Yeah, of course it bloody is. We don't run ops from Slough House."
"329","00:23:16,355","00:23:17,606","మన చేత ఎందుకు చేయిస్తున్నారు?","Why would they get us to do it?"
"330","00:23:19,650","00:23:21,170","నన్ను ఎందుకు వచ్చి ఇవ్వమంటున్నారు?","And why do they want me to deliver it?"
"331","00:23:21,235","00:23:24,530","నిన్ను రమ్మనలేదు, సిడ్ ని రమ్మన్నారు, కానీ తను ఇక్కడ లేదు కాబట్టి నిన్ను పంపుతున్నా.","They don't. They want Sid, but she's not here, so I'm sending you."
"332","00:23:24,613","00:23:26,448","ఎవరికి ఇవ్వాలి?","[inhales sharply] Who's the contact?"
"333","00:23:30,285","00:23:31,411","వెబ్.","Webb."
"334","00:23:32,412","00:23:33,997","**[NO TELUGU MATCH FOUND]**","[inhales deeply]"
"335","00:23:34,081","00:23:35,832","మీ ఇద్దరిదీ జన్మజన్మల దోస్తీ కదా?","Isn't he an old mate of yours?"
"336","00:23:43,257","00:23:44,800","బస్సులో మర్చిపోకు, నాయనా.","Don't leave it on the bus."
"337","00:24:32,139","00:24:34,266","అబ్బా! అయ్యయ్యో.","Fuck! [groans] Ow."
"338","00:24:36,518","00:24:39,980","**[NO TELUGU MATCH FOUND]**","[breathes heavily]"
"339","00:24:45,194","00:24:46,904","హోబ్డెన్ పేరు లేదు","**[NO ENGLISH MATCH FOUND]**"
"340","00:24:58,916","00:25:01,710","నేరుగా వెళ్లండి. కుడి పక్కన ఉంటుంది.","- Go straight. On the right. - [gate buzzes]"
"341","00:25:06,256","00:25:07,257","**[NO TELUGU MATCH FOUND]**","[scanner beeps]"
"342","00:25:20,854","00:25:24,149","హాయ్. నా పేరు రివర్ కార్ట్ రైట్, జేమ్స్ వెబ్ కోసం ఒకటి తీసుకువచ్చాను.","Hi. Uh, River Cartwright delivering for James Webb."
"343","00:25:29,530","00:25:33,867","మీరు... ఎంఐ5. మీలాగానే నేను కూడా.","[clicks tongue] You are with… Wi... MI5. Same as you."
"344","00:25:34,660","00:25:35,744","మీ వివరాలు ఇక్కడ కనిపించట్లేదు.","You're not showing up."
"345","00:25:39,790","00:25:40,958","నేను ఆల్డర్స్ గేట్ ఆఫీసులో పని చేస్తున్నా.","I'm over at Aldersgate."
"346","00:25:41,041","00:25:42,876","ఆల్డర్స్ గేట్?","- [clears throat] - Aldersgate?"
"347","00:25:44,837","00:25:46,088","స్లౌ హౌస్ అన్నమాట.","Slough House."
"348","00:25:48,298","00:25:50,717","మీరు విజిటర్ పాస్ తీసుకోవాలి. కెమెరా వంక చూడండి.","You'll need a visitor's pass. Look into here."
"349","00:26:01,895","00:26:03,272","సందర్శకులు - రివర్ కార్ట్ రైట్ తోడుగా ఒకరిని పంపాలి","**[NO ENGLISH MATCH FOUND]**"
"350","00:26:07,776","00:26:09,528","థ్యాంక్యూ.","Thank you. [sighs]"
"351","00:26:14,533","00:26:17,995","మన్నించాలి. మీరు అక్కడ కూర్చుంటారా? ఒకరు వచ్చి మిమ్మల్ని తీసుకువెళ్తారు.","Uh, sorry. Uh, can you sit over there? You have to wait for an escort."
"352","00:26:32,342","00:26:33,552","**[NO TELUGU MATCH FOUND]**","[elevator bell dings]"
"353","00:26:53,155","00:26:54,156","ఇటు రండి.","[agent] This way."
"354","00:27:06,376","00:27:07,377","రండి.","Come."
"355","00:27:12,257","00:27:14,259","రివర్. నువ్వు వస్తావు అనుకోలేదు.","River. Didn't know it'd be you."
"356","00:27:21,725","00:27:23,143","విభేదాలను పక్కన పెట్టి పని కానిద్దాం.","Let's not make this awkward."
"357","00:27:23,977","00:27:28,899","నీ టై మీద ఎవరైనా వాంతి చేసుకున్నారా? సరే, మొదలుపెట్టావుగా. ఇది కార్ల్ అంగర్ డిజైన్ చేసింది, బిచ్చగాడా.","Has someone thrown up on your tie? Okay, awkward it is. It's Karl Unger, peasant."
"358","00:27:29,608","00:27:31,408","షేవింగ్ కూడా చేసుకున్నట్టున్నావే. చూడటానికి భలే చిరాగ్గా ఉంది.","Cut yourself shaving as well. That's annoying."
"359","00:27:31,485","00:27:34,112","అవును. కానీ నిజానికి, నేను చేసుకోలేదు.","Yeah. Well, technically it wasn't me."
"360","00:27:34,196","00:27:36,865","నేను ఎక్కువగా షేవింగ్ ని ట్రఫెట్ &amp; హిల్ లో చేయించుకుంటాను.","I get a wet shave most mornings at Truefitt & Hill."
"361","00:27:36,949","00:27:38,200","ట్రఫెట్ &amp; హిల్.","- Truefitt & Hill. Oh. - Mmm."
"362","00:27:40,244","00:27:41,954","చాలా డాక్యుమెంట్స్ పెట్టుకొనే చోటు ఉందే ఇక్కడ?","Keep a lot of hard copy in here, don't you?"
"363","00:27:41,954","00:27:43,330","అది నీ స్థాయికి అనవసరమైన విషయం, బాసూ.","Bit above your pay grade, mate."
"364","00:27:46,416","00:27:49,086","- ఓరి దేవుడా. నువ్వు హెచ్ ఆర్ లో ఉన్నావన్నమాట. - హెచ్ ఆర్ కాదు. వెట్టింగ్.","- Oh, my God. You're in HR. - It's not HR. It's vetting."
"365","00:27:49,086","00:27:52,756","నువ్వేదైనా పిలుచుకో. కానీ ఇదంతా నిజమైన ఏజంట్ పని కాదు కదా? ల్యాప్ టాప్ ఇవ్వు ముందు.","Call it what you like. It's still not really being an agent, is it? Laptop."
"366","00:27:56,635","00:27:57,761","ఏంటిది? ఫ్లాష్ బాక్స్ లేదా?","What's this? No flashbox?"
"367","00:27:57,845","00:28:00,681","లేదు. నేను కూడా వాటి గురించి విన్నాను, కానీ, అది స్లౌ హౌస్ కదా.","Uh, no. I've heard of those but, I mean, it's Slough House."
"368","00:28:00,681","00:28:02,492","నిజానికి, అక్కడ ఎన్వలప్స్ ఉన్నాయంటేనే నాకు ఆశ్చర్యంగా ఉంది.","Frankly, I'm amazed we've still got Jiffy bags."
"369","00:28:02,516","00:28:04,268","అయితే ఇది తీసుకెళ్తావా?","[clears throat] You want this back?"
"370","00:28:05,769","00:28:07,497","అది నీ తప్పే అని ఒప్పుకొనే ఉద్దేశం అసలు నీకేమైనా ఉందా?","Are you ever gonna admit that you made a mistake?"
"371","00:28:07,521","00:28:09,565","- అవును. - ఇంకా మర్చిపోలేదా!","- [chuckles] Still on that. - [River] Yeah."
"372","00:28:09,565","00:28:14,069","""నీలి చొక్కా, తెల్లని టీ షర్ట్."" నువ్వు చెప్పింది అదే. తప్పు నీదే. నాది కాదు, నీదే.","""Blue shirt, white tee."" That's what you said. You fucked up. Yes, you did. Not me, you."
"373","00:28:14,069","00:28:15,571","నువ్వు తప్పు చేసి, నా మీద తోసేశావు.","And you let me take the fall."
"374","00:28:15,571","00:28:18,699","తప్పులు ఒప్పుకో, రివర్. స్టాన్ స్టెడ్ లో తప్పిదం నీదే.","Own your mistakes, River. Stansted was your fiasco."
"375","00:28:18,699","00:28:21,159","నాకు అర్థమైందిలే. అందరి కన్నా టావెర్నర్ కి నేనంటేనే ఎక్కువ ఇష్టం.","Well, I mean, I get it. I was clearly Taverner's favorite."
"376","00:28:21,243","00:28:24,705","- నిజంగా? - అవును, అది నీకు కంటగింపుగా మారింది, నీకు అస్సలు నచ్చలేదు, కదా?","- Really? - Uh, yeah, and that really annoyed you, really got under your skin, didn't it?"
"377","00:28:24,705","00:28:28,292","కాబట్టి నువ్వు నీ తప్పిదాన్ని కప్పిపుచ్చుకున్నావు, దానితో పాటు నా అడ్డు కూడా తొలగించుకున్నావు.","So you not only covered for your fiasco, you got me out of the way."
"378","00:28:28,292","00:28:30,085","అంతా నీ గురించే అనుకుంటావు, ఎందుకు?","It's always about you, isn't it?"
"379","00:28:30,169","00:28:32,337","చనిపోయిన, గాయపడిన వారి సంగతేంటి?","What about the people who lost their lives and limbs?"
"380","00:28:32,421","00:28:34,381","- అది నిజం కాదు. - మరేంటి అది?","- It wasn't real. - What is this then?"
"381","00:28:34,381","00:28:37,885","నీ పుణ్యమా అని ""తప్పిదాన్ని ఎలా నివారించాలి,"" అనే కొత్త శిక్షణ కోర్సును ప్రవేశపెట్టారు.","Other than a new training module entitled, ""How to avoid a fucking fiasco."""
"382","00:28:37,885","00:28:39,761","అది... ఇక ఆపు. అదేమీ...","It did... Fuck off. It wasn't a..."
"383","00:28:39,845","00:28:43,557","అతను చనిపోయాడు. ఆమె చనిపోయింది. గాయపడ్డాడు. చనిపోయింది.","He's dead. She's dead. Injured. Dead."
"384","00:28:43,557","00:28:45,350","- ఆమె ఒక అవయవాన్ని పోగొట్టుకుంది. - కాదు. ఆమె ఒక నటి.","- Maimed, that one. - No. Actor."
"385","00:28:45,434","00:28:47,811","- తీవ్రగాయాలు. అవయవ నష్టం. అతను చనిపోబోతున్నాడు. - అతనొక నటుడు.","- Mortally injured. Maimed. He's dying. - Actor."
"386","00:28:47,895","00:28:50,647","అది ట్రయినింగ్ ప్రాక్టీస్ లో భాగంగా జరిగింది.","It was a training exercise."
"387","00:28:50,731","00:28:55,277","అవును. అది ప్రాక్టీసే, కానీ అదే నిజం అయ్యుమ్టే, అందరూ చచ్చుండేవాళ్లు.","Yeah. It was. It was an exercise, but if it had been real, they'd have died."
"388","00:28:55,277","00:28:59,573","నువ్వు చాలా పెద్ద పొరపాటు చేశావు. చాలా అంటే చాలా పెద్ద పొరపాటు.","You fucked up. Massively. Un-fucking-forgivably."
"389","00:29:00,073","00:29:03,535","నువ్వు నిజంగానే ఒకరిని గాయపరిచావు. ఒక్క నిమిషం. చూపిస్తాను ఆగు.","[scoffs] And you did genuinely injure some of them. Wait, where is it?"
"390","00:29:04,828","00:29:06,997","నేను దీని విరాభిమానిని. ఇది నాకు చాలా ఇష్టం.","I... I love this bit. It's my favorite."
"391","00:29:06,997","00:29:10,959","వస్తున్నాడు. వచ్చేస్తున్నాడు. భూమండలం బద్దలైందిరా బాబోయ్.","Here he comes. Here he comes. [groans] Painful."
"392","00:29:11,043","00:29:13,295","వాడు జీవితంలో ఇక పరుగెత్తలేడు.","[sighs] He won't dance again."
"393","00:29:13,295","00:29:16,465","అవును, కానీ హెచ్ ఆర్ పుణ్యమా అని నీ చేతుల్లో ఎవరి ప్రాణాలు లేవులే.","Yeah, well, there's no lives in your hands here in HR, is there?"
"394","00:29:16,465","00:29:20,093","అవును, నేనే నయం, స్లౌ హౌస్ లో అసలు నీ చేతుల్లో ఏమీ లేదు కదా?","Yeah, and what have you got in your hands at Slough House apart from your dick?"
"395","00:29:21,386","00:29:22,930","ఇతడిని తీసుకొని వెళ్లండి.","Escort."
"396","00:29:22,930","00:29:24,723","దాన్ని స్లౌ హౌస్ అని ఎందుకు అంటారో తెలుసా?","You know why they call it Slough House?"
"397","00:29:24,723","00:29:27,935","తెలుసు. కానీ నీ మనస్సులో ఏదో ఉన్నట్టుంది కదా. చెప్పేయ్.","Yes. But I imagine you're gonna tell me what it is. Yeah, why not?"
"398","00:29:27,935","00:29:35,317","ఎందుకంటే, అది ఇక్కడి నుండి మూడు మైళ్ల దూరంలోనే ఉండుండవచ్చు, కానీ సీక్రెట్ సర్వీ స్ విషయానికి వస్తే, దీనికీ, దానికీ చాలా దూరం ఉంది.","It's because, while it may only be three miles from where I sit, it is so far from the beating heart of the service it might as well be in Slough."
"399","00:29:35,317","00:29:38,111","అబ్బో, నువ్వు వేసిన జోకుకు నువ్వే నవ్వుకోవాలి, నాకు అయితే అర్థం కాలేదు.","Yeah, if you have to explain a joke, it's 'cause it's not working."
"400","00:29:38,195","00:29:45,077","మీ తాతయ్య... ఇప్పటికీ ఆయనకి ఉన్న పలుకుబడినంతా ఉపయోగించి నిన్ను వెళ్లగొట్టనివ్వకుండా కాపాడాడని విన్నాను.","I heard your grandfather… He had to pull whatever strings he still had access to to stop you being kicked out altogether."
"401","00:29:47,079","00:29:50,791","అది అతనికి చాలా బాధ కలిగించి ఉంటుందు. మనవడి కోసం అలా కాళ్లు పట్టుకోవాల్సి రావడం.","That must've hurt him. Having to beg for his grandson like that."
"402","00:29:54,920","00:29:57,422","జేమ్స్ వెబ్","**[NO ENGLISH MATCH FOUND]**"
"403","00:29:58,507","00:30:00,050","**[NO TELUGU MATCH FOUND]**","[exhales sharply]"
"404","00:30:00,133","00:30:02,386","పోయి ఎక్కడైనా దూకురా, గుంట నక్కా.","Fuck you, Spider."
"405","00:30:03,136","00:30:04,948","- ఇది ప్రొఫెషనల్ ఆఫీస్. - అవునులే.","- This is a professional work environment. - Right."
"406","00:30:04,972","00:30:06,098","నన్ను ఇప్పుడు అలా ఎవరూ పిలవట్లేదు.","I don't go by that anymore."
"407","00:30:06,098","00:30:07,933","సరే. థ్యాంక్స్, గుంట నక్క.","Ah, okay. Thanks, Spider."
"408","00:30:07,933","00:30:09,828","- అతని పనైపోయింది. బయటకు తీసుకెళ్లండి. - థ్యాంక్స్, గుంట నక్క.","- He's all done here. Show him out. - Thanks, Spider."
"409","00:30:09,852","00:30:11,770","అతడిని గుంట నక్క అని పిలవండి, అలా పిలవడం అతనికి చాలా ఇష్టం.","He loves being called that, by the way. Spider."
"410","00:30:11,854","00:30:12,938","అలా నన్ను ఎప్పుడూ పిలవకండి.","Never call me that."
"411","00:30:16,984","00:30:19,361","ఏవండి! మీ పాస్ ఇవ్వండి.","[receptionist] Excuse me! Your pass."
"412","00:30:32,583","00:30:34,585","**[NO TELUGU MATCH FOUND]**","[footsteps approaching]"
"413","00:30:46,305","00:30:48,807","ఇవన్నీ ఇవాళ్టి పనికి సంబంధించినవి.","Oh. This is everything from today."
"414","00:30:51,143","00:30:52,144","**[NO TELUGU MATCH FOUND]**","[grunts]"
"415","00:30:55,689","00:30:57,149","**[NO TELUGU MATCH FOUND]**","[sighs]"
"416","00:30:57,232","00:30:59,443","నీ చివరి అసిస్టెంట్ నీ విరక్తి భరించలేకే చనిపోయుంటుంది.","What did your last servant die of?"
"417","00:31:01,486","00:31:04,323","నీ చివరి బాస్ కూడా నీ విరక్తి భరించలేకే చనిపోయుంటాడు.","What did your last boss die of?"
"418","00:31:09,912","00:31:11,246","**[NO TELUGU MATCH FOUND]**","[sighs]"
"419","00:31:25,052","00:31:26,470","**[NO TELUGU MATCH FOUND]**","[inhales sharply]"
"420","00:31:33,644","00:31:37,731","**[NO TELUGU MATCH FOUND]**","[exhales, inhales sharply]"
"421","00:31:52,037","00:31:53,830","- గుడ్ నైట్. - నీకు కూడా.","- Good night. - Yep."
"422","00:31:54,748","00:31:55,832","అబ్బా.","Fucking hell."
"423","00:31:57,709","00:31:59,169","**[NO TELUGU MATCH FOUND]**","[sighs]"
"424","00:31:59,253","00:32:03,382","ఎవరైనా ఒక హాఫ్ కొట్టడానికి వస్తారా? కనీసం ఒక క్వార్టర్ కి అయినా?","Anybody fancy a swift half, hey? Or better still, a slow pint?"
"425","00:32:03,465","00:32:06,885","మా ఇంటికి నా మిత్రురాలు వస్తోంది. ఇవాళ నేను రాలేను.","Um, I've got a friend coming over. I can't tonight."
"426","00:32:06,969","00:32:08,887","నా కుటుంబం నా కోసం ఎదురు చూస్తూ ఉంటోంది.","Oh, I better get back to the family."
"427","00:32:08,971","00:32:12,641","అయితే? నువ్వు దేశ రక్షణ బాధ్యతల్లో మునిగితేలుతున్నావని మెసేజ్ పంపు.","So? Text them that you're busy saving the nation."
"428","00:32:12,641","00:32:15,936","పాపని పడుకోబెట్టడానికి వెళ్లాలనుకుంటున్నాను, ఇంకెప్పుడైనా వెళ్దాంలే.","I like to be there for the kids' bedtime, but, you know, another evening."
"429","00:32:15,936","00:32:17,729","ఎప్పుడూ అదే అంటావు నువ్వు.","But you always say that."
"430","00:32:18,313","00:32:20,065","- రేపు చూద్దాంలే. - సరే అయితే.","- Well, maybe tomorrow. - Tomorrow then."
"431","00:32:20,065","00:32:22,150","- లుయీసా, రేపు వెళ్దామా? - సరే. రేపు చూద్దాంలే.","- Louisa, tomorrow? - Yeah. Maybe tomorrow."
"432","00:32:22,234","00:32:24,278","రేపు వెళ్దాం. బై.","It's a date. Laters."
"433","00:32:41,628","00:32:44,631","న్యూ ఎంపైర్ చైనీస్ రెస్టారెంట్ &amp; టేక్ అవే","**[NO ENGLISH MATCH FOUND]**"
"434","00:32:45,215","00:32:48,427","మనం గర్వంగా ఉండాల్సింది పోయి సిగ్గుతో తలవంచుకొని నిలబడ్డాం.","[speaker] We hang our heads when they should be held up high."
"435","00:32:48,427","00:32:58,228","మనం లుత్ వాఫాని చిత్తుచిత్తుగా ఓడించాం, అయినా కానీ, ఇంగ్లీష్ ఛానెల్ ద్వారా బుల్లి పడవల్లో ఇక్కడికి వస్తున్న వీళ్లని మనం ఆపలేకపోతున్నాం.","We stuck two fingers up at the Luftwaffe, yet we can't stop these people crossing the Channel, the English Channel, in their rubber dinghies."
"436","00:32:58,312","00:33:01,190","నేవీని, మన రోయల్ నేవీని పంపండి అని గట్టిగా అడుగుతున్నాను.","Get out the Navy, I say. The Royal Navy."
"437","00:33:01,190","00:33:04,735","బ్రిటన్ యొక్క అసలైన అస్తిత్వాన్ని కాపాడుకోవడానికి ఏమైనా చేయండి.","Whatever it takes to keep Britain British."
"438","00:33:07,154","00:33:08,947","- బాబోయ్. - ఎంత సేపటి నుండి ఇక్కడ ఉన్నావు?","- Fuck. - How long have you been here?"
"439","00:33:09,031","00:33:10,949","- ఏంటి? - నువ్వు శత్రువుల కోసం పని చేసే వాడిలా ఉన్నావు.","- What? - You look like a mole."
"440","00:33:12,075","00:33:13,160","అవునా?","A mole?"
"441","00:33:13,785","00:33:15,662","ఒక్కడివే ఉన్నప్పుడు నీలో దేశభక్తి పొంగిపోతుందా?","[Sid] Are you a closet nationalist now?"
"442","00:33:15,746","00:33:17,998","- లేదు. ఇది హోబ్డెన్ చెత్తలో దొరికింది. - రివర్.","- Oh, no. I found it in Hobden's rubbish. - River."
"443","00:33:17,998","00:33:20,709","తెలుసు. నాకు తెలుసులే. నేను దీన్నంతటినీ శుభ్రం చేయాలి.","Yes, yes, yes. Yes, I know. I still need to clean up."
"444","00:33:20,709","00:33:24,213","ఏంటంటే, నా పరిస్థితి ఏంటో నాకు అర్థం కాట్లేదు, అంతే.","Just, um, ended up down a pretty dark rabbit hole."
"445","00:33:24,213","00:33:26,577","ఇక్కడి అందరి పరిస్థితి అంతేలే.","All rabbit holes are dark. They're underground. [chuckles]"
"446","00:33:27,257","00:33:30,010","- థ్యాంక్స్. - ఏం చూస్తున్నావు?","- Thanks. - [breathes deeply] What's this?"
"447","00:33:30,761","00:33:32,304","గ్రెగ్ సిమ్మండ్స్. అతను నీకు తెలుసా?","Greg Simmonds. You know him?"
"448","00:33:32,304","00:33:35,974","తెలుసు. ఒక పనికిమాలిన వ్యాపారవేత్త, డెబ్బై ఏళ్ల క్రితం బ్రిటన్ గెలిచిన యుద్ధం నుండి ఇంకా బయటపడని మహావ్యక్తి.","[Sid] Yeah. Sleazy businessman who can't get over the fact Britain won a war 70 years ago."
"449","00:33:36,058","00:33:43,148","అది నాజీలపై కాకుండా, జాతిపరమైన మైనారిటీ వర్గాలపై, అలాగే రాజకీయపరమైన అణచివేతపై జరిగిన యుద్ధం అని ఇతగాడి భావన.","A war that he seems to think was actually fought against ethnic minorities and political correctness rather than the Nazis. Yeah."
"450","00:33:43,774","00:33:45,067","అవును.","Yeah."
"451","00:33:45,067","00:33:52,407","నువ్వు ఎప్పుడైనా ఈయన ప్రసంగాలను విన్నావా? ఈ వలసదారులకు మన మతం నచ్చదట.","You ever listen to one of his speeches? Uh… These immigrants say they don't like our religion."
"452","00:33:52,491","00:33:54,535","మన జీవన విధానం వాళ్లకి నచ్చదు.","They don't like our way of life."
"453","00:33:55,619","00:34:01,667","అయినా కానీ, నోరు జారినందుకు, అలాగే జోకులు వేసినందుకు మన పోలీసులు మనల్నే అరెస్ట్ చేస్తారు.","And yet it's us that get arrested by our own police force for saying the wrong things. For telling jokes."
"454","00:34:02,292","00:34:05,671","నేను చెప్తున్నా కదా, ఇది యుద్ధం... వామ్మోయ్. ఇక వీడి ప్రసంగాన్ని తట్టుకొనే ఓపిక నాకు లేదు.","I tell you, this is a war... [River] Yeah. I can't take any more of that."
"455","00:34:05,671","00:34:10,300","ఈ కొత్త విద్వేష గ్రూపులకు ఇతనే నిధులు అందిస్తున్నాడని ఎంఐ5 అనుమానం. మిస్టర్ సిమ్మండ్స్ గ్రెగరీ మార్టిన్","MI5 reckon that he has been funding a lot of these new hate groups."
"456","00:34:10,384","00:34:14,804","ఎప్పుడూ రాజకీయవేత్తలతో చెట్టాపట్టాలేసుకుంటూ తిరుగుతుంటాడు, మరోవైపు వలసదారుల ఇళ్లు తగలబడి పోతుంటాయి.","Spends his time rubbing shoulders with politicians while immigrants have their homes burned down."
"457","00:34:14,888","00:34:18,433","నీ ఖాళీ సమయాన్ని ఈ విధంగా గడపడం అంత మంచిది కాదేమో అని నాకు అనిపిస్తోంది.","I'm not sure this is a great way to be spending your spare time."
"458","00:34:19,101","00:34:20,853","నేల మీద నేను చెత్తలో వెతుకుతూ ఉండటాన్ని నువ్వు చూశావు కదా.","You've seen my work on the floor."
"459","00:34:20,853","00:34:24,982","అబ్బా, ఇక ఆపు, రివర్. నిజంగానే, ఒక నేస్తంగా చెప్తున్నా...","Oh, cry me a river, River. No, seriously, as a friend..."
"460","00:34:24,982","00:34:30,922","నేస్తంగానా? మనిద్దరం నేస్తాలైపోయామా? నిజాయితీగా చెప్పాలంటే, నీతో స్నేహానికి నేను సిద్ధంగా లేను అనుకుంటా.","- As a friend? Are we friends? - [chuckles] I don't think I'm ready to make that kind of commitment, to be honest with you."
"461","00:34:30,946","00:34:34,074","చూడు, నీ డేటింగ్ ప్రొఫైల్ కి ఇప్పుడు నువ్వు చేసే పని వల్ల నష్టం కలగవచ్చు.","Look, what I'm seeing right now is just not good for your dating profile."
"462","00:34:34,074","00:34:35,576","అబ్బో! నువ్వు నా లవ్ గురూవి అయిపోయావా ఏంటి?","What are you? My dating coach?"
"463","00:34:35,576","00:34:37,995","లేదు. నీకు లవ్ గురూ అయి కూడా లాభం ఉండదులే.","Absolutely not. That'd be a full-time job."
"464","00:34:37,995","00:34:41,331","సరే. నువ్వు ఇక్కడికి పని వేళల తర్వాత వచ్చావు. ఎందుకు?","All right. You're here after hours. What's your excuse?"
"465","00:34:41,415","00:34:43,000","ఫోన్ చార్జర్ మర్చిపోయాను.","[sighs] I left my phone charger."
"466","00:34:43,708","00:34:45,978","ఫోన్ చార్జర్ కోసం ఇంత దూరం వచ్చావా?","A phone charger. You came all the way back for a phone charger?"
"467","00:34:46,003","00:34:48,380","- దగ్గర్లోనే ఒక చోట డ్రింక్స్ తాగుతూ ఉన్నా. - నన్ను కూడా పిలవవచ్చు కదా.","- I was having drinks nearby. - Well, thanks for the invite."
"468","00:34:49,422","00:34:51,425","ఇంతకు ముందు ఒకసారి పిలిచాను. నువ్వు రాను అన్నావు.","I've invited you before and you turned me down."
"469","00:34:51,507","00:34:53,886","- ఏంటి? లేదు... - ఇక మళ్లీ... - నువ్వు నన్ను పిలవలేదు. - పిలిచాను.","- What? No... - [Sid] Once bitten… - No, you haven't. - Yes, I have."
"470","00:34:53,886","00:34:55,179","లేదు. అది...","No. It..."
"471","00:34:57,139","00:34:58,432","ఓరి నాయనోయ్.","[gasps] Fucking hell."
"472","00:34:58,432","00:35:05,981","సాయంత్రం అయిదు దాటాక కూడా, ఇక్కడ గడపడానికి జనాలు సుముఖంగా ఉన్నారంటే, నా పనిని నేను సరిగ్గా చేయట్లేదని అర్థం.","If people are happy to spend time in this building after 5:00 p.m., then I'm not really doing my job."
"473","00:35:07,983","00:35:09,401","నేను ఫోన్ చార్జర్ కోసం వచ్చాను.","Uh, I left my phone charger."
"474","00:35:09,943","00:35:11,987","నేను ఈ చెత్తనంతా శుభ్రపరచబోతున్నాను. మన్నించండి.","I was gonna clean up the rubbish. Sorry."
"475","00:35:14,072","00:35:15,115","వెళ్లండెహె.","Fuck off."
"476","00:35:16,241","00:35:19,578","""వెళ్లండెహె"" అంటే ఇక ఇంటికి వెళ్లమనా, లేకపోతే మేము చెప్పేది మీరు నమ్మడం లేదనా?","""Fuck off"" as in go home, or ""fuck off"" as in you don't believe us?"
"477","00:35:20,078","00:35:25,083","పని వేళలు అయ్యాక, మీ పనికిమాలిన, విరక్తి జీవితాలను మీ ఇష్టం వచ్చినట్టు గడపవచ్చు.","At the end of the working day, your pitiful, miserable time is your own."
"478","00:35:26,126","00:35:42,726","కానీ ఈ మహోన్నత దేవాలయం పవిత్రకు భంగం కలిగించేలా మీరు ఏ రాచకార్యాలైనా వెలగబెట్టారనుకోండి, అప్పుడు మీరు ఎందుకు పుట్టాంరా బాబూ అని అనుకొనేలా చేస్తాను.","But if I find out you are indulging in extracurricular activities that could upset the equilibrium of this blessed sanctuary, then I will make it so that you wish you were in a Siberian gulag."
"479","00:36:05,541","00:36:08,335","మ్యాక్సెస్ కెఫే","**[NO ENGLISH MATCH FOUND]**"
"480","00:36:09,795","00:36:11,171","ఒకేరోజు రెండో సారి వచ్చారే.","Mmm. Twice in one day."
"481","00:36:11,755","00:36:14,800","ఉదయం అక్కడ నాతో పాటు ఓ అమ్మాయి ఉండింది కదా. అదే, నాపై కాఫీని పారబోసిన అమ్మాయి.","That girl earlier. The one who spilled my coffee."
"482","00:36:14,800","00:36:17,302","తను నేను వెళ్లగానే వెళ్లిపోయిందా?","Did she leave soon after me?"
"483","00:36:17,386","00:36:20,264","నాకు అంతగా గుర్తు లేదు. మీరు వెళ్లగానే వెళ్లిపోయింది అనుకుంటున్నా.","I can't remember. I think so."
"484","00:36:21,306","00:36:23,475","తను ఇంతకుముందు ఎప్పుడైనా ఇక్కడికి వచ్చిందా?","Well, has she been in here before?"
"485","00:36:23,559","00:36:24,852","ఈ మధ్య నుండే అప్పుడప్పుడూ వస్తూ ఉంది.","A few times recently."
"486","00:36:26,270","00:36:34,778","అవునా, తను మళ్లీ వసే... నాకు కాల్ చేయ్.","Oh, yeah. Well, if she comes in again… Give me a call."
"487","00:36:35,487","00:36:36,572","- సరేనా? - తప్పకుండా.","- Yeah? - Sure."
"488","00:36:48,625","00:36:49,751","కామ కుక్క.","Dirty old man."
"489","00:36:55,007","00:36:56,884","మహాపతనం. - నింగి నుండి నేల రాలిన రాబర్ట్ హోబ్డెన్ తార","**[NO ENGLISH MATCH FOUND]**"
"490","00:36:56,884","00:36:59,136","తను సెక్యూరిటీ సర్వీస్ లీక బాధితుడిని అని హోబ్డెన్ ప్రకటన","**[NO ENGLISH MATCH FOUND]**"
"491","00:37:02,097","00:37:04,141","రాబర్ట్ జేమ్స్ హోబ్డెన్","**[NO ENGLISH MATCH FOUND]**"
"492","00:37:06,476","00:37:08,353","**[NO TELUGU MATCH FOUND]**","[breathes deeply]"
"493","00:37:23,202","00:37:27,331","నిజం చెప్పాలంటే, మొదట్నుంచీ నేను బాగానే తాగేదాన్ని.","[AA member] Yeah, looking back I probably already had a drinking problem."
"494","00:37:27,331","00:37:33,420","కానీ, మా నాన్న చనిపోయాక, అది మరింత తీవ్రమైంది.","But, um, when my dad died, I just got really, really lost."
"495","00:37:33,504","00:37:36,965","అప్పుడు అతని వయస్సు, 56. గుండెపోటుతో మరణించాడు.","He was 56. Aneurysm. Gone."
"496","00:37:38,175","00:37:40,135","అవును, ఆ సంఘటనతో నేను బాగా కుదేలైపోయాను.","Yeah, it totally upended me."
"497","00:37:41,803","00:37:44,681","నేను ఊరికూరికే అపస్మారక స్థితిలోకి వెళ్లిపోయేదాన్ని.","I, uh... I started suffering from blackouts."
"498","00:37:44,765","00:37:46,767","చార్ల్స్.","[Catherine] Charles."
"499","00:37:46,767","00:37:48,602","శుభోదయం, చార్ల్స్.","Morning, Charles."
"500","00:37:49,186","00:37:52,523","...నేను తాగుడు మానేస్తే కానీ సాధ్యం కాని పరిస్థితి. అందుకే నేను మానేశాను.","…couldn't be with me unless I got sober. So I did."
"501","00:37:54,024","00:37:55,904","కానీ ఒక విధంగా, మా నాన్న కోసమే మానేశాను అనవచ్చు.","[echoing] But I did it more for my dad's memory."
"502","00:37:55,943","00:37:57,110","చార్ల్స్?","[Catherine] Charles?"
"503","00:37:58,904","00:37:59,905","చార్ల్స్?","Charles?"
"504","00:38:08,997","00:38:15,128","చార్ల్స్.","Charles."
"505","00:38:16,964","00:38:19,299","చార్ల్స్.","Charles. [breathes shakily]"
"506","00:38:19,925","00:38:22,803","థ్యాంక్యూ, కిర్స్టీ. క్యాథరిన్, మీరు చెప్పండి.","[chairperson speaks indistinctly] Catherine."
"507","00:38:22,803","00:38:25,055","క్యాథరిన్. మీరు ఇప్పటిదాకా ఏమీ చెప్పలేదు.","Catherine. You haven't spoken."
"508","00:38:27,182","00:38:30,352","నా పేరు క్యాథరిన్. నేను తాగుడుకు బానిసను.","Um, my name's Catherine. I'm an alcoholic."
"509","00:38:30,352","00:38:31,937","హాయ్, క్యాథరిన్.","[AA group] Hi, Catherine."
"510","00:38:32,521","00:38:34,064","ఇవాళ నేను అందరూ చెప్పేది వింటాను, అంతే.","I'll just listen tonight."
"511","00:39:08,390","00:39:10,392","**[NO TELUGU MATCH FOUND]**","[banging]"
"512","00:39:17,983","00:39:20,152","**[NO TELUGU MATCH FOUND]**","[banging continues]"
"513","00:39:23,030","00:39:25,908","నువ్వు ఇంటి తలుపు తెరిచే ఉంచావే? నువ్వు ఇక్కడికి రావడం నేను చూశాను.","[River] You know you left the front door open? I saw you driving up."
"514","00:39:26,575","00:39:28,535","నిజం చెప్పు. నువ్వు మర్చిపోయి, దాన్ని అలానే వదిలేశావు కదా?","Are you sure you didn't leave it open by mistake?"
"515","00:39:28,619","00:39:29,745","**[NO TELUGU MATCH FOUND]**","[sighs]"
"516","00:39:32,831","00:39:34,166","నేను రెండవ భాగాన్ని కూడా చేశాను.","I prepared a second piece."
"517","00:39:39,546","00:39:40,672","వంట నువ్వే చేయ్.","You can cook."
"518","00:39:42,508","00:39:44,760","ఈమధ్య నిన్ను మీ అమ్మ ఏమైనా కాంటాక్ట్ చేసిందా?","[grandparent] Have you heard from your mother recently?"
"519","00:39:44,843","00:39:45,844","**[NO TELUGU MATCH FOUND]**","Oh."
"520","00:39:46,678","00:39:50,140","కాంటాక్ట్ చేసింది. అది కూడా ఇస్తాన్బుల్ నుండి ఒక లేఖ పంపింది.","Yeah. A postcard from Istanbul of all places."
"521","00:39:50,224","00:39:51,433","**[NO TELUGU MATCH FOUND]**","[David chuckles]"
"522","00:39:51,517","00:39:54,728","తన ప్రస్తుత బాయ్ ఫ్రెండ్ తో అక్కడ ఒక గెస్ట్ హౌస్ తెరుస్తోందట.","She's opening a guesthouse with her current boyfriend."
"523","00:39:56,104","00:39:57,814","ఇంట్లో నిమ్మకాయలు లేవే.","And you're out of lemons."
"524","00:39:57,898","00:40:01,652","అవును, కానీ ఆ లేఖ నాకు అందేసరికి ఆ ప్లాన్ కాస్తా మారిపోయింది.","Yeah, well, that plan will have changed by the time the card arrived."
"525","00:40:01,652","00:40:03,362","అవును. బాయ్ ఫ్రెండ్ కూడా మారిపోయాడు, ఆమె గురించి తెలిశాక.","Yeah. Boyfriend too, knowing her."
"526","00:40:04,321","00:40:09,618","తను ఒక రష్యన్ ఏజంట్ ని వెంటబెట్టుకొని ఇక్కడికి వస్తుందేమోనని అనుకున్నాను.","[grandparent] You know, I always expected her to turn up here with a KGB spook on her arm."
"527","00:40:11,286","00:40:13,413","అది కదా అసలైన ధిక్కారం అంటే.","That would have been the ultimate rebellion."
"528","00:40:13,497","00:40:15,058","లేదు. ఇది... ఇది చాలా గట్టిగా ఉంది.","No. This is... It's as hard as an egg, this."
"529","00:40:15,082","00:40:20,921","వీటిని ఫ్రిడ్జ్ లో పెడితేనే మంచిది. నిమ్మకాయాలు, 18వ శతాబ్దపు సముద్ర ప్రయాణాల లాగా చాలా కాలం ఉంటాయని అనుకున్నానే.","You know they keep better in the fridge. I always understood a lemon could last as long as an 18th century naval voyage."
"530","00:40:20,921","00:40:26,176","అవును, కానీ మనం 21వ శతాబ్దంలో ఉన్నాం, కాబట్టి అత్యంత ఆధునిక ఆహార పరిరక్షణా పద్ధతులను మనం ఉపయోగించుకోవచ్చు.","Yes. Well, this is the 21st century, so we can take full advantage of modern food-preservation techniques."
"531","00:40:26,260","00:40:28,720","సర్లే, చికెన్ మాడుతోంది.","Yeah, yeah, yeah. Oh, the chicken's burning."
"532","00:40:29,388","00:40:30,556","అయ్యయ్యో.","Shit."
"533","00:40:30,556","00:40:33,684","లేదు, అది మాడట్లేదు, వేంపుతున్నా. నాకు కావలసింది కూడా అదే.","No, it's not bu... It's searing. It's exactly the way I wanted it."
"534","00:40:39,398","00:40:41,567","ఎప్పుడైనా రాబర్ట్ హోబ్డెన్ ని కలిశావా?","Did you ever come across Robert Hobden?"
"535","00:40:42,651","00:40:49,157","అహ్. నువ్వు ఇక్కడికి వచ్చింది ఆహార పరిరక్షణ, శుభ్రత గురించి ప్రసంగం ఇవ్వడానికి కాదన్నమాట. దీని కోసమే అన్నమాట.","Ah. So you didn't visit me just to lecture me on home safety and food hygiene."
"536","00:40:49,241","00:40:52,911","- అదేం కాదు. నిన్ను చూడాలని కూడా వచ్చాను. నిజమే. - ఈమధ్య నన్ను అంతగా చూడాలనుకోలేదుగా మరి.","- No, no. I wanted to see you too. I did. - Not wanted to see me that much lately."
"537","00:40:52,995","00:40:57,124","అంటే, స్లౌ హౌస్ లో మేము చేసేదాని గురించి నీకు చెప్పేది ఏముంటుంది?","Yeah. Well, not really been that much to report, has there? From Slough House."
"538","00:40:57,124","00:40:59,293","ఎల్లకాలం నిన్ను అక్కడే ఉంచరులే.","They won't keep you there forever."
"539","00:40:59,835","00:41:03,755","చూస్తుంటే, నన్ను శాశ్వతంగా అక్కడే ఉంచేలా ఉన్నారు. అదే కదా అసలు విషయం.","[River] I was given the impression that they probably will. Well, that's the point."
"540","00:41:03,839","00:41:06,675","నువ్వు అక్కడ ఆరు నెలల పాటే ఉంటావని నీకు తెలిస్తే, నువ్వు పెద్ద బాధపడేవాడివి కాదు.","If you knew it was for only six months, it wouldn't hurt."
"541","00:41:06,675","00:41:08,969","అవును. కానీ ఇప్పటికే ఎనిమిది నెలలు అయిపోయింది.","Yeah. It's been eight months."
"542","00:41:08,969","00:41:13,640","అక్కడ నిన్ను ఉంచినన్ని రోజులు ఉండు. ఆ జాక్సన్ ల్యాంబ్ చెప్పే చెత్త పనులన్నీ చేయ్.","Well, you do your time. Whatever grunt work Jackson Lamb throws your way."
"543","00:41:13,724","00:41:17,519","ఆ తర్వాత రీజెంట్స్ పార్క్ కి వెళ్లిపోతావు. నువ్వు చేసినవన్నీ మర్చిపోతారు.","Then you head back to Regent's Park. Your sins forgiven."
"544","00:41:17,603","00:41:21,732","ల్యాంబ్ అక్కడ మూడేళ్ళుగా ఉంటున్నాడు, అంటే, అతను చేసిన వాటిని వాళ్లు మర్చిపోలేదని అర్థం. ఒక విధంగా చెప్పాలంటే, అది అతని ఇల్లు అని చెప్పవచ్చు.","Lamb's been there years, so they've obviously never forgiven him. The man practically lives there."
"545","00:41:21,732","00:41:24,902","అసలు అతను ఇంతకు ముందైనా మంచి ఏజెంట్ యేనా? నేను అస్సలు ఊహించుకోలేకపోతున్నా.","Was he ever actually good? I just... I can't imagine it."
"546","00:41:26,486","00:41:27,487","కంచాలు, పాత్రలను తీసుకువస్తాను.","I'll lay the table."
"547","00:41:31,909","00:41:35,996","నేను చెప్పేది నువ్వు వినట్లేదు, జాక్. ఒక దాడి జరగబోతోంది.","You are not listening to me, Jack. There is gonna be an attack."
"548","00:41:35,996","00:41:38,540","ప్రాణనష్టం జరుగుతుంది.","People are going to get hurt."
"549","00:41:38,624","00:41:41,335","ఇంతకన్నా నేను నీకు చెప్పలేను ఎందుకంటే, నేను ప్రమాదంలో పడిపోతాను.","I can't tell you any more because I'll put myself at risk."
"550","00:41:42,419","00:41:45,839","లేదు, లేదు. నమ్మకం, గిమ్మకం అనే మాటలు మాట్లాడవద్దు.","No, no. Forget about any fucking loyalty to me."
"551","00:41:45,923","00:41:47,758","ఇది నీ దేశం కోసం చేయ్.","Do this for your country."
"552","00:41:51,470","00:41:57,059","సరే. కానీ ఒకటి తెలుసుకో, ఏదైనా జరిగితే దానికి బాధ్యుడివి నువ్వే అవుతావు.","Fine. But know this. There will be blood on your hands."
"553","00:41:57,851","00:42:00,479","లీడ్స్ యూనివర్సిటీ","**[NO ENGLISH MATCH FOUND]**"
"554","00:42:12,699","00:42:14,660","ఇవాళ నువ్వు కూడా వస్తున్నావు కదా?","You are coming tonight, aren't you?"
"555","00:42:14,660","00:42:16,161","వస్తున్నాగా.","Of course I am."
"556","00:42:16,245","00:42:18,622","మంచిది. ఎందుకంటే, నాకు నీ సాయం అవసరం కావచ్చు.","Good. 'Cause genuinely, I might need backup."
"557","00:42:18,622","00:42:20,249","మళ్లీ నీపై విరుచుకుపడుతున్నారా?","Have they started on you again?"
"558","00:42:20,832","00:42:25,128","జనాలు క్లబ్ కి, నాకు అవకాశం ఇవ్వద్దు అని మెసేజ్ చేస్తున్నారట.","People are messaging the club saying that they shouldn't book me."
"559","00:42:25,212","00:42:26,213","ఏంటి?","What?"
"560","00:42:26,213","00:42:30,676","ఇప్పుడు ""మతం"" అనే పదమే మాట్లాడే పరిస్థితి ఉన్నట్టు లేదు, ఎవరోకరు ఎక్కడోక్కడ నొచ్చుకుంటూనే ఉన్నారు.","It's like you can't even say the word ""religion"" now without somebody taking offense."
"561","00:42:30,676","00:42:33,220","- సరిపోయింది. - నేను చెప్పేవి మరీ అంత వివాదాస్పదమైనవి కూడా కాదు.","- Yeah. - My stuff isn't even that controversial."
"562","00:42:33,220","00:42:35,430","అదికూడా వాటిని రాసింది నువ్వు.","And the stuff that is was written by you."
"563","00:42:35,514","00:42:37,015","అవును.","[chuckling] Yeah."
"564","00:42:38,016","00:42:39,856","ఇప్పుడు కూడా వేదిక ఎక్కనంటావా?","Are you sure you just don't wanna get up there?"
"565","00:42:40,477","00:42:48,235","చూడు, నేను ప్రేక్షకుల మధ్య కూర్చొని నువ్వు ముస్లిమ్స్ అన్నప్రతిసారీ గట్టిగా నవ్వి జనాలకు ఏం అర్థం కాకుండా చేస్తానులే.","Look, I will sit in the audience and confuse everybody by laughing loudly each time you mention Muslims."
"566","00:42:58,328","00:42:59,663","ఇదుగో, తాగు.","[grandparent] Here you go."
"567","00:43:01,248","00:43:02,374","థ్యాంక్యూ.","Thank you."
"568","00:43:02,374","00:43:04,001","ఇంతకీ, నీ చేతికి ఏమైంది?","So, what happened to your hand?"
"569","00:43:05,127","00:43:07,129","ఏమీ కాలేదులే. గ్రిల్ చేస్తుండగా కాలింది.","Oh. Nothing. I burned it on a grill."
"570","00:43:08,046","00:43:09,882","గ్రిల్ పై ఫ్లాష్ బాక్స్ ఉండిందా?","Was there a flashbox in the grill?"
"571","00:43:13,468","00:43:15,971","సరే. నేను కోడ్ లేకుండానే ఫ్లాష్ బాక్స్ ని ఓపెన్ చేసే ప్రయత్నం చేశా.","All right. Yes, I tried to open a flashbox without the code."
"572","00:43:15,971","00:43:18,223","అది వెర్రి పని. చేతిని ఎవరికైనా చూపించావా?","Stupid thing to do. Have you had it seen to?"
"573","00:43:18,307","00:43:20,434","లేదు, లేదు. ఏం పర్వాలేదులే. చిన్నదేలే.","No, no. It's fine. It's nothing to worry about."
"574","00:43:23,312","00:43:24,479","ఇంతకీ బాక్స్ లో ఏం ఉండింది?","What was in the box?"
"575","00:43:27,107","00:43:30,944","ల్యాప్ టాప్. రాబర్ట్ హోబ్డెన్ నుండి అపహరించిన ఫైల్స్ ఉన్న ల్యాప్ టాప్.","A laptop. With files taken from Robert Hobden."
"576","00:43:31,904","00:43:33,405","ఈ ఘనకార్యం నువ్వు చేసినట్టు ఎవరికైనా తెలుసా?","Anyone know you pulled this stunt?"
"577","00:43:33,405","00:43:36,325","- ఎవరికీ తెలీదు. - మంచిది. ఎవరికీ చెప్పకు.","- No. No. - Good. Good. Keep it that way."
"578","00:43:36,909","00:43:37,951","సరే.","Yes."
"579","00:43:40,078","00:43:41,496","కానీ ఇదంతా వింతగా ఉంది. ఏంటంటే...","It's just strange. It's just..."
"580","00:43:41,580","00:43:44,708","స్లౌ హౌస్ లో సాధారణంగా ఇలాంటి పనులు చేయరు.","It's not the usual crap they get you to do there in Slough House."
"581","00:43:44,708","00:43:48,712","అంటే... పార్క్ వాళ్లు హోబ్డెన్ పై నిఘా ఉంచుతున్నారు.","It's... I mean the Park are on it. They're on Hobden."
"582","00:43:48,712","00:43:50,297","- ఎందుకు? - ఏమో మరి.","- Why? - [River] I don't know."
"583","00:43:50,297","00:43:53,133","నేనూ అదే కనిపెట్టడానికి ప్రయత్నిస్తున్నా.","- That's what I was trying to find out. - Hmm."
"584","00:43:54,009","00:43:56,178","అదేదో నువ్వే చెప్తావని అనుకుంటున్నా.","And I was hoping that you could just tell me."
"585","00:43:57,596","00:44:00,140","**[NO TELUGU MATCH FOUND]**","[inhales deeply] Yeah, well, um… [sighs]"
"586","00:43:58,388","00:43:59,556","సరే...","**[NO ENGLISH MATCH FOUND]**"
"587","00:44:01,892","00:44:05,020","ఇంతకు ముందు హోబ్డెన్ ఎంఐ5పై విరుచుకుపడ్డాడు.","Hobden had had a run-in with MI5 before."
"588","00:44:06,146","00:44:08,023","యువకుడిగా ఉన్నప్పుడు కమ్యూనిస్ట్ పార్టీలో ఉండేవాడు.","He was a communist in his youth."
"589","00:44:08,815","00:44:13,987","ఆ తర్వాత పక్షం మార్చేశాడు. వన్-నేషన్ టోరీకి మారి, అద్భుతమైన వ్యాసాలు రాశాడు.","Then he changed sides. One-nation Tory, star columnist."
"590","00:44:14,613","00:44:17,074","ఆ తర్వాత ఆ వెధవ ఛాందసవాదిగా మారిపోయాడు.","Then the loathsome drift to the far right."
"591","00:44:17,074","00:44:23,789","బ్రిటీష్ పాట్రియాటిక్ పార్టీకి విరాళాలు ఇచ్చిన వారి పేర్లు లీక్ అయినప్పుడు, ఇతని పేరు కూడా అందులో ఉండటంతో, అతని కెరీర్ నాశనమైపోయింది.","His career ended when his name appeared on a leaked list of donors to the British Patriotic Party."
"592","00:44:23,789","00:44:27,251","ఆ జాబితాని లీక్ చేసింది ఎంఐ5 యే అని హోబ్డెన్ వాదన.","Hobden always claimed that it was MI5 that leaked the list."
"593","00:44:28,168","00:44:31,380","ఆ విషయమై నేనేమీ చెప్పలేను కానీ, ఒకవేళ లీక్ చేసింది మేం కాకపోయినా, ఆ పని మేమే చేసుంటే బాగుండేది.","I can't comment, but if we didn't do it, we should've done."
"594","00:44:32,548","00:44:36,051","ఉన్మాదుల పని పట్టాల్సిందే కదా.","[chuckles] Can't have fascists hiding in plain sight."
"595","00:44:36,802","00:44:39,847","కానీ, ఇప్పుడు అతను దీన స్థితిలో ఉన్నాడు కదా. అంటే, అతనికి ఒకప్పుడు పేరు ఉండేది, అంతే కదా.","But, I mean, he's no one. He's... The man's a has-been."
"596","00:44:39,847","00:44:41,825","అసలు అతడిపై నిఘా ఉంచడం ఎందుకనే విషయం నాకు అర్థం కావట్లేదు.","I just don't understand why they even bother looking at him."
"597","00:44:41,849","00:44:45,227","నాకు తెలిసినవన్నీ నీకు చెప్పాను, నువ్వు ఇందులో వేలు పెట్టకుంటే మంచిది.","I've told you all I know, and you should stay out of it."
"598","00:44:45,227","00:44:48,063","పార్క్ వాళ్ళు అతనిపై నిఘా ఉంచారంటే, ఏదోక కారణం ఉండే ఉంటుంది.","And if the Park are looking at him, there'll be a good reason."
"599","00:44:48,856","00:44:52,943","ఈ పని వాళ్లు స్లౌ హౌస్ చేత చేయిస్తున్నారంటే, అనుకోనిది ఏమైనా జరిగితే, వాళ్లకి చెడ్డ పేరు రాకూడదని అలా చేస్తున్నారు.","And if they're using Slough House to do it, it means they don't want blowback."
"600","00:44:54,027","00:44:56,071","కాబట్టి అది నీకే ప్రమాదం.","Which puts you at risk."
"601","00:44:59,116","00:45:00,242","అర్థమైందా?","You understand?"
"602","00:45:02,452","00:45:03,996","విషయం గుర్తుంది కదా...","And remember… hmm?"
"603","00:45:06,582","00:45:09,918","మాస్కో రూల్స్, జాగరూకత వహించు. లండన్ రూల్స్, నిన్ను నువ్వు కాపాడుకో.","Moscow rules, watch your back. London rules, cover your arse."
"604","00:45:10,002","00:45:11,503","- గుర్తుంది. - మంచిది.","- Yeah. - Very good."
"605","00:45:11,587","00:45:13,005","**[NO TELUGU MATCH FOUND]**","[people laughing, murmuring]"
"606","00:45:13,088","00:45:18,802","జీసస్ ని ఎక్కడ చూసినా ఎందుకో తెలీదు కానీ, ఈతరం కాలేజీకి వెళ్లే విద్యార్థిలానే అనిపిస్తాడు.","How come every picture of Jesus has him looking like a millennial gap year student?"
"607","00:45:20,053","00:45:21,513","అతనిలో ఆ లక్షణాలన్నీ ఉన్నాయి కదా?","He... He's got everything, right?"
"608","00:45:21,597","00:45:25,809","అతనికి స్టయిల్ గా ఉండే పొడవాటి జుట్టు ఉంది, గడ్డం ఉంది, స్లిప్పర్స్ కూడా ఉన్నాయి.","He's got the likes of hipster, long hair, the beard, the sandals."
"609","00:45:25,893","00:45:29,855","చూడటానికి, అతను 35 ఏళ్ల వ్యక్తిలా అనిపిస్తాడు, ఆ వయస్సులో కూడా తన మ్యూజిక్ బ్యాండ్ ఇరగదీస్తుందని అనుకుంటున్నట్టుంటాడు.","He looks like a sort of 35-year-old man who still thinks the band is gonna make it big."
"610","00:45:32,524","00:45:36,361","అయితే... ఒకసారి జీసస్, బుద్ధ, ఇంకా అల్లా పబ్ కి వెళ్తారు.","So… Jesus, Buddha and Allah walk into a pub."
"611","00:45:36,445","00:45:37,446","**[NO TELUGU MATCH FOUND]**","[audience member] Oh, no."
"612","00:45:37,529","00:45:41,491","అప్పుడు మూడ్ అంతా ఇలా మారిపోతుంది.","- [crowd murmurs] - [laughs] And the mood goes like that."
"613","00:45:42,451","00:45:43,535","అక్షరాలా, ఇలాగే అన్నమాట.","Like this actually."
"614","00:45:45,162","00:45:49,082","వాళ్లు... వాళ్లు బార్ కి వెళ్లి, డ్రింక్స్ ని ఆర్డర్ చేస్తారు.","And they... they go to the bar. They order drinks."
"615","00:45:50,250","00:45:54,254","జీసస్ ఏమో నీళ్ళు అడుగుతాడు, ఎందుకంటే ఆయన దాన్ని కాణీ ఖర్చు కాకుండా వైన్ గా మార్చేయగలడు.","Tap water for Jesus 'cause, you know, he can turn that into wine for free."
"616","00:45:54,838","00:45:57,925","బుద్ధ, తన బరువుని నియంత్రణలో ఉంచుకోవాలనుకుంటున్నాడు కనుక డైట్ కోక్ ని ఆర్డర్ చేస్తాడు.","Diet Coke for Buddha because he's, uh... he's watching his weight."
"617","00:45:57,925","00:46:01,136","ఇంకా, అల్లా ఏమో ఆల్కహాల్ లేని బీర్ ని ఆర్డర్ చేస్తాడు.","And, uh, alcohol-free beer for Allah."
"618","00:46:01,220","00:46:02,346","**[NO TELUGU MATCH FOUND]**","[crowd murmurs, chuckles]"
"619","00:46:01,887","00:46:04,866","- ఇక దీన్ని భరించడం నా వల్ల కాదు. - ఇంకా... నిజంగానా?","- Nah, I'm done with this. - [comedian] And, uh, I'll... Really?"
"620","00:46:04,890","00:46:08,519","వాళ్ల గురించి పట్టించుకోకండి, మిత్రులారా. వాళ్లని అంటు వ్యాధిలా చూడండి, చాలు.","Don't worry about them, guys. Don't worry. Just, uh... Just treat them like an STD."
"621","00:46:08,519","00:46:10,604","వాళ్లని పట్టించుకోకుంటే, వాళ్లే వెళ్లిపోతారు.","If you ignore them, they'll probably go away."
"622","00:46:10,687","00:46:12,272","**[NO TELUGU MATCH FOUND]**","[laughing]"
"623","00:46:12,356","00:46:16,360","మీకు చెప్తున్నా కదా, వాళ్లు చాలా బాగా ఎంజాయ్ చేశారు.","[comedian] And let me tell you, they had a lovely time."
"624","00:46:16,360","00:46:18,987","నిజంగానే. రాత్రంతా అక్కడే గడిపారు.","They really did. Honestly, they stayed out all night."
"625","00:46:19,071","00:46:21,448","జీసస్ కి శిలువ వేశారు, తర్వాత మూడు రోజుల దాకా ఆయన కనబడలేదు.","Jesus got crucified and wasn't seen for three days."
"626","00:46:22,407","00:46:23,742","**[NO TELUGU MATCH FOUND]**","[crowd murmuring, chuckles]"
"627","00:46:22,616","00:46:26,828","మీరు ఎందుకు అంత కంగారు... ఎందుకు అంత కంగారు పడుతున్నారు?","[comedian] I don't know why you guys were worr... Why were you worried?"
"628","00:46:26,912","00:46:28,455","**[NO TELUGU MATCH FOUND]**","[crowd laughs]"
"629","00:46:28,539","00:46:31,792","చాలా బాగా చేశావు. నువ్వు ఇలా అదరగొట్టడం నేను చూడటం ఇదే మొదటిసారి.","Absolutely killed it tonight. That was the best I've ever seen you."
"630","00:46:32,543","00:46:33,544","హేయ్, నువ్వు చాలా బాగా చేశావు.","Hey, you were great."
"631","00:46:33,544","00:46:34,670","థ్యాంక్యూ.","Oh, thank you."
"632","00:46:34,670","00:46:38,298","హేయ్, నువ్వు చాలా బాగా చేశావు. నువ్వు చాలా ప్రశాంతంగా చెప్పావు కూడా.","- Hey, you were great. - [chuckles] And you were so relaxed as well."
"633","00:46:38,382","00:46:42,052","అయినా, అన్నింటికన్నా ముఖ్యమైన అంశం ఏమిటంటే, జీసస్, బుద్ద, అల్లాలు పబ్ కి వెళ్లడం.","Strongest material, though, is your ""Jesus, Buddha and Allah walk into a pub."""
"634","00:46:42,052","00:46:43,929","నువ్వు నిజంగా వేదిక ఎక్కాల్సిన వాడివి.","You need to get up there."
"635","00:46:45,264","00:46:47,516","అయితే, రేపు తొమ్మిది గంటలకు వస్తున్నావా?","So you, uh, head-in for the nine o'clock tomorrow?"
"636","00:46:48,267","00:46:49,518","వస్తున్నావా?","You gonna be in?"
"637","00:46:49,518","00:46:50,811","తొమ్మిది గంటలకా? లేదులే.","Nine o'clock. Nope. No."
"638","00:46:51,478","00:46:53,063","- అస్సలు కుదరదు. - సర్లే, బాసూ.","- No way. - All right, mate."
"639","00:46:53,063","00:46:54,439","అయితే వచ్చే వారం కలుద్దాం, అంతే కదా?","I'll see you in the week, yeah?"
"640","00:46:54,523","00:46:56,441","అంతే. జాగ్రత్త, బాసూ. చాలా చాలా థ్యాంక్స్.","Okay. Take care, bro. Thank you so much."
"641","00:46:57,150","00:46:58,944","- నువ్వు అదరగొట్టేశావు. - ఆ అదిరిపోయే స్క్రిప్ట్ నీదే కదా.","- You killed it. - Killer work."
"642","00:47:16,587","00:47:20,007","ఆగండి! ఓయ్! హేయ్!","Wait! Oi! Hey! [grunting]"
"643","00:47:20,090","00:47:22,676","వద్దు! వద్దు! వద్దు! వద్దు!","No! No! No, no, no! No!"
"644","00:47:22,676","00:47:27,181","కాపాడండి! కాపాడండి!","Help! Help me! [screams]"
"645","00:47:49,494","00:47:52,289","**[NO TELUGU MATCH FOUND]**","[inhales sharply, blows]"
"646","00:48:09,097","00:48:12,684","రాడీ, నాకు... నాకు ఒక పని చేసి పెట్టగలవా?","Roddy, can you… check something for me?"
"647","00:48:12,768","00:48:16,021","ఇంకా నా పని వేళలు ప్రారంభం కాలేదు. నువ్వు నాకు ఏమైనా ఇచ్చుకోవాల్సి మరి.","[scoffs] Not on the clock yet. You'll need to pay my private rate."
"648","00:48:16,021","00:48:18,148","సరే.","Yep. [sighs]"
"649","00:48:27,074","00:48:29,201","ఇందులో ఏముందో కాస్త చూసి చెప్పు.","Just tell what it is I'm looking at on there."
"650","00:48:30,702","00:48:31,703","**[NO TELUGU MATCH FOUND]**","[clears throat]"
"651","00:48:32,371","00:48:34,081","- దాన్ని తాకకు! - అలాగే.","- Don't touch that! - All right."
"652","00:48:42,381","00:48:43,382","అది పై సంఖ్య.","It's pi."
"653","00:48:44,883","00:48:46,593","- అదేమైనా కోడ్ ఆ? - కాదు. ఉత్త పై సంఖ్య, అంతే.","- [River] Is that a code? - No. It's pi."
"654","00:48:46,677","00:48:48,679","ఆ సంఖ్యని రౌండ్ ఆఫ్ చేయకుండా అలాగే పెద్దగా ఉంచేశారు.","Running to an infinite number of places."
"655","00:48:48,679","00:48:51,533","ఈ సంఖ్యలో నిగుఢార్థం ఏమైనా ఉందా? పెన్ డ్రైవ్ లో ఇంకేమైనా ఫైళ్లు ఉన్నాయా?","Is there anything else behind it? Any other files on the stick? Anything?"
"656","00:48:51,557","00:48:52,724","లేదు. ఇంతకీ ఇది నీకు ఎక్కడిది?","No. Where'd you get it?"
"657","00:48:52,808","00:48:53,809","హోబ్డెన్.","[Sid] Hobden."
"658","00:48:56,061","00:48:57,479","నువ్వు ఫైళ్లను కాపీ చేశావన్నమాట.","You copied the files."
"659","00:48:57,980","00:48:59,791","నువ్వు కూడా చూశావు కాబట్టే ఆ విషయం నీకు తెలిసింది.","You'd only know that if you'd looked at it yourself."
"660","00:48:59,815","00:49:04,486","అందులో ఉన్నది పై అని గ్రహించడానికి నీలా నాకు ఎవరి సాయం అవసరపడలేదులే. అందరికీ నా సాయం అవసరం. కానీ అది వాళ్లకి తెలీదంతే.","Well, at least I didn't need Ho to tell me it was pi. Everybody needs me. They just don't know it."
"661","00:49:05,028","00:49:06,572","చూస్తుంటే, కావాలనే దీన్ని సెటప్ చేసినట్టున్నాడు.","Seems like he used it as a decoy."
"662","00:49:06,572","00:49:09,533","ఎవరైనా దొంగిలిస్తారని గ్రహించి ఉంటాడు. సూపర్ మనిషి.","He was expecting a snatch. Cool cat."
"663","00:49:10,284","00:49:12,536","థ్యాంక్స్, రాడీ. చాలా సాయపడ్డావులే.","Thanks, Roddy. Very helpful."
"664","00:49:14,872","00:49:16,832","ఎవరైనా దొంగిలిస్తారని ఎందుకు అనుకొని ఉంటాడు?","Why would he be expecting a snatch?"
"665","00:49:16,832","00:49:17,833","ఏమో.","I don't know."
"666","00:49:17,833","00:49:22,880","నువ్వు ఫ్లాష్ బాక్స్ ని తెరిచావని పార్క్ వాళ్లకి తెలిస్తే ఏం చేస్తారో తెలుసా? కానీ వాళ్ళు కనిపెట్టలేరు కదా?","What do you think the Park will do if they find out you opened a flashbox? Yeah, well, they're not gonna find out, are they?"
"667","00:49:26,425","00:49:27,467","నొప్పి పుట్టిందా?","Did it hurt?"
"668","00:49:27,551","00:49:30,095","లేదు. అంటే, కాస్త పుట్టింది.","No. Well, a bit."
"669","00:49:30,179","00:49:31,180","**[NO TELUGU MATCH FOUND]**","[inhales sharply]"
"670","00:49:31,805","00:49:33,640","అబ్బా! పిచ్చి పట్టిందా, సిడ్!","Fuck! Jesus Christ, Sid."
"671","00:49:33,724","00:49:43,192","చూడు, ఏదో నచ్చనిది చేశావు కాబట్టి నిన్ను ఇక్కడ వేశారు... - అవును. ఇంకా దాని పర్వవసానాలను అనుభవిస్తున్నా. - నీకేదైనా పనికి వచ్చేది చేయాలనుంటే, ఇంకా మన ఆఫీసులో ఉన్న, ఆ కంపుకొట్టే చెత్తని అంతా శుభ్రం చేయ్ ముందు. సరే, కానీ నేను నిజంగా పనికి వచ్చేది ఏదైనా చేయాలనుకుంటున్నా, సిడ్. నీకు అలా అనిపించట్లేదా?","Look, I know you landed here with a bump… - Yeah. I've still got whiplash. - If you want to do something useful, you can get rid of the stinking rubbish that's still in our office. Yeah, but I wanna actually be properly useful, Sid. Don't you?"
"672","00:49:43,192","00:49:48,071","ఏదైనా చేయాలనుకుంటున్నా. అంటే... కనీసం ప్రయత్నిస్తే బోరింగ్ అయినా అనిపించదు, సిడ్.","Do something. I mean, it... [stammers] I could not be more bored if I tried, Sid."
"673","00:49:48,155","00:49:49,907","నేను నిజంగానే ప్రయత్నించాను కూడా.","And I have actually tried."
"674","00:49:49,907","00:49:54,912","పార్క్ వాళ్లు హోబ్డెన్ పై కన్నేసి ఉంచుతున్నారంటే, ఎట్టకేలకు ఇక్కడ ఒక అర్థవంతమైన పని జరుగుతోందని అర్థం.","And if the Park are looking at Hobden, then that means there is something finally happening here."
"675","00:49:54,912","00:49:57,331","అవును. అది పార్క్ వాళ్లు చూసుకుంటారు, మనం కాదు.","Exactly. It's the Park's business, not ours."
"676","00:49:57,331","00:49:59,499","కార్ట్ రైట్, వచ్చి ఇది చూడు!","[Roddy] Cartwright, come see this!"
"677","00:50:07,925","00:50:09,551","- ఒక బ్రేకింగ్ న్యూస్... - బంధీ.","- Following a breaking story… - Hostage."
"678","00:50:13,972","00:50:15,015","ఇది లైవ్ ఆ?","Is it live?"
"679","00:50:15,015","00:50:17,434","కొన్ని గంటల క్రితం, మిడిల్ ఈస్ట్ చాట్ ఫీడ్ లో ప్రత్యక్షమైంది.","Popped up on a Middle East chat feed a few hours ago."
"680","00:50:17,518","00:50:19,269","మీడియా వాళ్లు ఇప్పుడే గుర్తించారు.","Media have just picked up on it."
"681","00:50:19,353","00:50:20,979","అతని చేతిలో ఇవాళ్టి ""ఎక్స్ ప్రెస్"" పేపర్ ఉంది.","[Sid] He's holding today's Express."
"682","00:50:22,314","00:50:23,899","ఓరి దేవుడా. అతడిని బంధీగా ఉంచింది ఇక్కడే.","Shit. He's being held here."
"683","00:50:23,899","00:50:27,277","ఇక్కడ బ్రిటన్ నడిబొడ్డున జరుగుతున్నట్టుగా అనిపిస్తోంది.","[news anchor] What appears to be here in the heart of Britain."
"684","00:50:27,361","00:50:33,534","...ఈ వీడియో తొలుత ఉదయం సోషల్ మీడియాలో ప్రత్యక్షమైంది... మనకి ఇప్పుడు సమర్థవంతమైన నాయకత్వం అవసరం. పీటర్ జడ్ ఎంపీ","[news anchor 2] …recording first surfaced this morning on social media… What we really need now is leadership."
"685","00:50:33,534","00:50:36,328","ఇటీవల యాక్టివ్ గా ఉన్న గ్రూప్స్ గురించిన జాబితాని ఎవరి తయారు చేస్తున్నారు?","Who's collating lists on recently active groups?"
"686","00:50:36,328","00:50:37,538","నేను, మేడమ్.","I am, ma'am."
"687","00:50:37,538","00:50:39,224","నాకు ఆ సారాంశం వెంటనే కావాలి.","I wanted a breakdown of that a half an hour ago."
"688","00:50:39,248","00:50:41,041","- అలాగే, మేడమ్. - హోమ్ ఆఫీసు వాళ్లు లైన్లో ఉన్నారు, మేడమ్.","- Yes, ma'am. - Home Office, ma'am."
"689","00:50:41,041","00:50:43,669","...బహుళ సంస్కృతావాదం అంటే వెర్రెక్కిపోతున్నారు.","…and obsession with multiculturalism."
"690","00:50:43,669","00:50:56,098","మనం మన విలువలను కాలరాస్తున్నాము, అందుకే ముస్లిమ్ ఛాందసవాదులు మన నగరాల్లో భయానక వాతావారణాన్ని సృష్టించడం, మన పౌరుల ప్రాణాలకు ముప్పు కలిగించడం వంటి భయానక పరిస్థితులు నెలకొంటున్నాయి.","We don't stand up for our values, which leads to this horrific situation where Muslim fundamentalists are bringing terror to our streets and threatening to murder our citizens."
"691","00:50:56,098","00:50:57,850","మనం ఇది చూడకూడదు.","I don't think we should be watching this."
"692","00:50:58,433","00:50:59,893","ఎందుకు? దేశమంతా చూస్తోంది కదా.","What? The rest of the country is."
"693","00:50:59,977","00:51:02,020","ఇది తమ పనే అని ఎవరైనా ప్రకటించారా?","Has anyone claimed responsibility yet?"
"694","00:51:02,104","00:51:03,939","- ఇంకా లేదు. - ఇది ఐసిస్ పనే అయ్యుంటుంది కదా?","- No, no one. - It would be ISIS, wouldn't it?"
"695","00:51:03,939","00:51:05,649","లేదా ఆ గ్రూప్ కి మద్దతు గ్రూప్ అయ్యుండవచ్చు.","Or one of their tribute groups."
"696","00:51:06,149","00:51:08,819","అదేదైనా కానీ, మీ అందరికీ ఎందుకు?","[Jackson] Well, what the fuck's it got to do with you?"
"697","00:51:08,819","00:51:13,615","ఏం జరుగుతున్నా కానీ, అది అసలైన ఏజంట్లు చూసుకుంటారు, దద్దమ్మలైన మీరు కాదు.","Whatever's going on will be a job for the real agents, not you fuckups."
"698","00:51:13,699","00:51:15,242","ఇదేంటి?","[Roddy] Yo, what's this?"
"699","00:51:15,242","00:51:19,830","- వాకింగ్ స్టిక్ లా ఉంది. - అవును, అతడిని వృద్ధ జనోద్దారకులు అపహరించి ఉంటారులే.","- [Min] Looks like a walking stick. - Yeah, maybe he's been snatched by the Ramblers Association."
"700","00:51:19,830","00:51:21,707","కాదు, అది గొడ్డలి.","[Sid] No, it's an ax."
"701","00:51:21,707","00:51:24,126","- అతను తెల్లజాతి వాడు కాదు. - అందుకే అతని చేతికి గ్లవ్స్ ఉన్నాయి.","- [Min] He's not white. - That's why he was wearing gloves."
"702","00:51:24,126","00:51:26,044","- బాబోయ్. - అయితే ఇది ఎవరి పని అయ్యుంటుంది?","- Fuck. - Who's got him then?"
"703","00:51:26,128","00:51:28,106","అయినా కానీ ఇది ముస్లిమ్స్ పనే అయ్యుంటుంది. అతను వాళ్ల మతాన్ని నమ్మని వాడేమో.","It could still be Islamists. He could be a non-believer."
"704","00:51:28,130","00:51:33,218","- అతను తక్కువ హోదాలో ఉన్న సైనికుడేమో. - కానీ అలా అనిపించట్లేదు. కాదు, అతను పాకిస్తాన్ వాడిలా ఉన్నాడు, అంటే అతను ముస్లిమ్ కాబట్టే వాళ్లు అపహరించారు.","- Maybe he's a squaddie. - He doesn't look like a squaddie. Nah, he looks Pakistani, which to them means Muslim."
"705","00:51:33,302","00:51:35,679","- ఎవరికి? - బాబోయ్, మీది మామూలు మట్టి బుర్ర కాదు.","- To who? - Oh, you people are slow."
"706","00:51:36,346","00:51:40,559","మీకు అర్థమయ్యేలా చెప్పాలంటే, నా తల ప్రాణం తోకకి వచ్చేలా ఉంది.","[stammers] Bringing you up to speed is like trying to explain Norway to a dog."
"707","00:51:40,559","00:51:44,396","అది ఛాందసవాదుల పని. వాళ్లే అతడిని అపహరించారు.","It'll be right-wing nationalists. That's who's got him."
"708","00:51:44,396","00:51:46,523","సన్స్ ఆఫ్ ఆల్బియన్ వాళ్లు, ఇది తమ పనే అని ప్రకటించారు.","It's the Sons of Albion who are taking credit."
"709","00:51:46,607","00:51:49,818","- ప్రతీసారి కరెక్ట్ చెప్పీ చెప్పీ విసుగొస్తోంది. - సరే, మరి మనం ఇప్పుడు ఏం చేద్దాం?","- [Jackson] Christ, I hate being right. - All right, so what do we do then?"
"710","00:51:49,902","00:51:52,571","ఎప్పుడూ చేసేదే చేద్దాం. మూసుకొని కూర్చోవడం.","What we always do here. Absolutely nothing."
"711","00:51:52,571","00:51:56,158","పదండి. ఎవరి డెస్కుల వద్దకు వాళ్లు వెళ్లండి. పదండి, అందరూ పదండి!","Come on. Back to your desks. Come on, all of you. Out!"
"712","00:51:59,119","00:52:01,079","- హోబ్డెన్. - ఏంటి?","- Hobden. - What?"
"713","00:52:01,747","00:52:04,041","అతనికి బ్రిటీష్ పాట్రియాటిక్ పార్టీ వాళ్లు బాగా తెలుసు.","His old crew was the British Patriotic Party."
"714","00:52:04,041","00:52:06,502","అవును, కానీ వాళ్లు వర్గాలుగా విడిపోయారు కదా.","Yeah, but they splintered into factions."
"715","00:52:06,502","00:52:09,588","అవును, కానీ ఇది ఆ వర్గాల్లోని ఒక వర్గం పని అయ్యుండవచ్చు. అతని ప్రమేయం కూడా ఉండవచ్చు.","Yeah, but one of them might have something to do with this. Him too."
"716","00:52:10,339","00:52:12,341","- ఈ విషయాన్ని వదిలేయ్. - బ్రేకింగ్ న్యూస్!","- Just leave it. - News flash!"
"717","00:52:12,925","00:52:14,343","మీరు దీన్ని చూడాలి.","You're gonna wanna check this out."
"718","00:52:14,343","00:52:16,321","మేం మీ ముందుకు మరో బ్రేకింగ్ న్యూస్ తో వచ్చాం.","[news anchor] We are following a breaking news story."
"719","00:52:16,345","00:52:19,389","రేపు సూర్యోదయం అవ్వగానే, అతని తలని నరికేస్తారు.","Sunrise tomorrow, they say they're gonna cut his head off."
"720","00:52:20,057","00:52:22,017","వాళ్లు బ్రిటన్ కోసం పోరాడబోతున్నారట.","They're gonna strike a blow for Britain."
"721","00:52:22,976","00:52:26,355","ఏదైతే ఏంటి, మీరేమీ పీకేది లేదు కదా. ఇక బయలుదేరండి!","This changes nothing. Come on. Out!"
"722","00:52:27,064","00:52:30,400","మీకందరికీ పనులు ఉన్నాయి, కాబట్టి ఈ గది నుండి దయచేయండి!","You've all got papers to shuffle, so why are you still in this room?"
"723","00:52:33,779","00:52:38,283","ఆగండి, క్షమించండి. ఒక తేలికైన ప్రశ్నకు సమాధానం ఇవ్వండి.","[stammers] Now, wait, all apologies. Answer me one simple question."
"724","00:52:38,951","00:52:41,453","రివర్ కార్ట్ రైట్ ఏమైపోయాడు?","Where the fuck is River Cartwright?"
"725","00:52:50,754","00:52:54,299","ఆప్త మిత్రుడు, సహోద్యోగి అయిన కాల్ బిగిన్స్ జ్ఞాపకార్థం.","**[NO ENGLISH MATCH FOUND]**"
"726","00:53:44,683","00:53:46,685","ఉపశీర్షికలను అనువదించినది: అలేఖ్య","**[NO ENGLISH MATCH FOUND]**"
