Source Filename,Original First Index,Original Last Index,Original First Timestamp,Original Last Timestamp,New Index,New Timestamp,Original Second Text,New Text (Full)
10e.srt,28,29,"00:03:54,443 --> 00:03:57,154","00:03:58,739 --> 00:04:00,991",28,"00:03:54,443 --> 00:04:00,991",but he left her as she grew.,"I used to see Kier in her, but he left her as she grew."
10e.srt,44,45,"00:05:03,428 --> 00:05:06,347","00:05:06,348 --> 00:05:10,768",43,"00:05:03,428 --> 00:05:10,768","they do a test, and then th-they kill her?","So... [sighs] ...wait, when I finish Cold Harbor, they do a test, and then th-they kill her?"
10e.srt,46,47,"00:05:10,769 --> 00:05:16,357","00:05:16,358 --> 00:05:18,317",44,"00:05:10,769 --> 00:05:18,317",then down to the testing floor.,"Once that file is done, you'll need to quickly get to the black hallway, then down to the testing floor."
10e.srt,60,62,"00:05:57,649 --> 00:05:59,942","00:06:03,947 --> 00:06:05,449",57,"00:05:57,649 --> 00:06:05,449","if we can prove that they fucking kidnapped her,","But if we can prove that she is alive, if we can prove that they fucking kidnapped her, it will end them."
10e.srt,87,88,"00:08:30,427 --> 00:08:33,347","00:08:33,931 --> 00:08:36,725",82,"00:08:30,427 --> 00:08:36,725",you know what it is that we're asking.,- Um... So y... - [chuckles] you know what it is that we're asking.
10e.srt,89,90,"00:08:38,644 --> 00:08:40,729","00:08:41,230 --> 00:08:45,526",83,"00:08:38,644 --> 00:08:45,526",is that I am so sorry.,But the first thing I need to say to you is that I am so sorry.
10e.srt,92,94,"00:08:53,450 --> 00:08:57,245","00:08:59,331 --> 00:09:01,708",85,"00:08:53,450 --> 00:09:01,708","and because I took their word for it,","Lumon told me you'd be happy, that innies are content, and because I took their word for it, you've been living a nightmare for two years."
10e.srt,97,98,"00:09:14,388 --> 00:09:18,516","00:09:18,517 --> 00:09:22,104",88,"00:09:14,388 --> 00:09:22,104",that you'll give me that chance.,"And I hope, uh, now with all we have in common, that you'll give me that chance."
10e.srt,103,104,"00:10:55,030 --> 00:10:59,993","00:11:01,828 --> 00:11:02,829",93,"00:10:55,030 --> 00:11:02,829",Thank you.,"- Um, let alone get an apology, so, uh... - [chuckles] Thank you."
10e.srt,107,108,"00:11:15,884 --> 00:11:17,469","00:11:19,137 --> 00:11:21,682",96,"00:11:15,884 --> 00:11:21,682",which is why what you're asking scares me.,"to feel whole, which is why what you're asking scares me."
10e.srt,110,111,"00:11:26,603 --> 00:11:29,857","00:11:30,440 --> 00:11:33,402",98,"00:11:26,603 --> 00:11:33,402",and we don't want it to end.,"[stammers] ...it's all we have, and we don't want it to end."
10e.srt,117,118,"00:12:10,606 --> 00:12:14,985","00:12:16,904 --> 00:12:20,991",104,"00:12:10,606 --> 00:12:20,991",Lumon doesn't have to be your whole life.,"I'd say the same thing in-in your position, however, Lumon doesn't have to be your whole life."
10e.srt,124,125,"00:12:40,385 --> 00:12:44,138","00:12:44,139 --> 00:12:48,852",110,"00:12:40,385 --> 00:12:48,852","and once my wife is free, I swear I will finish the process.","I started this because I see now how unfair this all is to you, and once my wife is free, I swear I will finish the process."
10e.srt,138,139,"00:13:29,476 --> 00:13:34,480","00:13:34,481 --> 00:13:36,650",123,"00:13:29,476 --> 00:13:36,650","but, like, you know, the good stuff too.","Like, my memories and yours, and my trauma and yours, but, like, you know, the good stuff too."
10e.srt,141,143,"00:13:42,698 --> 00:13:47,159","00:13:51,456 --> 00:13:55,002",125,"00:13:42,698 --> 00:13:55,002","so whoever this new hybrid person is,","I mean, you've been alive for, what, 20 times longer, so whoever this new hybrid person is, it seems like he'd be way more you than me."
10e.srt,161,165,"00:15:42,401 --> 00:15:47,113","00:15:57,833 --> 00:16:01,502",143,"00:15:42,401 --> 00:16:01,502","like, what you and Heleny have","[stammers] So, now... [stammers] ...you could imagine, like, what you and Heleny have but multiply, like, thousands of days of, like, joy, and arguments, and passion, then you can see why I have to get my wife back."
10e.srt,168,169,"00:16:31,116 --> 00:16:32,910","00:16:33,744 --> 00:16:36,954",146,"00:16:31,116 --> 00:16:36,954",which you'd know if you'd ever taken an interest in my life.,"It's the person I'm in love with, which you'd know if you'd ever taken an interest in my life."
10e.srt,171,173,"00:16:41,335 --> 00:16:45,338","00:16:52,721 --> 00:16:54,473",148,"00:16:41,335 --> 00:16:54,473","'cause you know as well as I do that her outie won't, like, reintegrate,","She's the person I'll lose if I do what you say 'cause you know as well as I do that her outie won't, like, reintegrate, assuming that's even real."
10e.srt,178,179,"00:17:09,820 --> 00:17:13,574","00:17:13,575 --> 00:17:16,369",153,"00:17:09,820 --> 00:17:16,369",I won't abandon you. I promise.,"I mean, I can't abandon her, and if you help me, I won't abandon you. I promise."
10e.srt,180,181,"00:17:17,663 --> 00:17:20,539","00:17:20,540 --> 00:17:22,416",154,"00:17:17,663 --> 00:17:22,416",you forget I ever existed.,"You know what I think? I think the second you get your wife back, you forget I ever existed."
10e.srt,240,242,"00:21:50,352 --> 00:21:52,854","00:21:54,481 --> 00:21:57,441",213,"00:21:50,352 --> 00:21:57,441","had better be the severed floor,","Well, then you tell him that the next thing I see had better be the severed floor, or I swear he will never see his wife again."
10e.srt,258,259,"00:26:06,358 --> 00:26:10,403","00:26:10,404 --> 00:26:14,116",229,"00:26:06,358 --> 00:26:14,116",and that today is a special day.,"He said some cryptic shit about the fire of Kier being in me, and that today is a special day."
10e.srt,290,292,"00:30:43,719 --> 00:30:47,139","00:30:49,433 --> 00:30:52,102",260,"00:30:43,719 --> 00:30:52,102","and as I'm duly swamped,","As it may yield an embarrassing emotional response in you, and as I'm duly swamped, I shall leave you to read it in solitude."
10e.srt,293,294,"00:31:18,921 --> 00:31:20,172","00:31:21,924 --> 00:31:26,053",261,"00:31:18,921 --> 00:31:26,053",I've read your request and organized my response into three points.,"""Dear innie, I've read your request and organized my response into three points."
10e.srt,296,297,"00:31:33,185 --> 00:31:35,812","00:31:36,980 --> 00:31:40,442",263,"00:31:33,185 --> 00:31:40,442",and your actions with her were deeply fucking indecorous.,"Gretchen is my wife and my beloved, and your actions with her were deeply fucking indecorous."
10e.srt,298,299,"00:31:43,278 --> 00:31:45,030","00:31:47,449 --> 00:31:48,534",264,"00:31:43,278 --> 00:31:48,534",I get it.,Point two: I get it.
10e.srt,302,304,"00:32:01,547 --> 00:32:05,425","00:32:14,101 --> 00:32:15,185",267,"00:32:01,547 --> 00:32:15,185","so when Gretch told me that you're, like, this self-assured badass,","I've never been an impressive person, so when Gretch told me that you're, like, this self-assured badass, I don't know."
10e.srt,306,307,"00:32:20,148 --> 00:32:22,150","00:32:23,902 --> 00:32:29,157",269,"00:32:20,148 --> 00:32:29,157",I hope someday she sees in me what she sees in you.,"So I guess, point three is: I hope someday she sees in me what she sees in you."
10e.srt,308,309,"00:32:31,743 --> 00:32:36,248","00:32:38,333 --> 00:32:40,043",270,"00:32:31,743 --> 00:32:40,043",I guess I like knowing you're there.,"In the meantime... [sighs] if I'm being really honest, I guess I like knowing you're there."
10e.srt,328,332,"00:37:27,372 --> 00:37:29,166","00:37:46,058 --> 00:37:50,562",289,"00:37:27,372 --> 00:37:50,562","in completing your 25th Macrodata file,","[Kier] Mark S., in completing your 25th Macrodata file, you have drawn my grand agendum nearer to fulfillment, thus making you one of the most important people in history."
10e.srt,333,335,"00:37:52,481 --> 00:37:56,485","00:38:01,365 --> 00:38:03,575",290,"00:37:52,481 --> 00:38:03,575","and hail your earthbound steward,","Revel now in the fruit of your labors, and hail your earthbound steward, your very own..."
10e.srt,341,342,"00:38:28,767 --> 00:38:31,644","00:38:31,645 --> 00:38:34,982",296,"00:38:28,767 --> 00:38:34,982",if not for my favorite core principle.,"I'd say the same of you, if not for my favorite core principle."
10e.srt,347,348,"00:38:44,658 --> 00:38:50,163","00:38:50,664 --> 00:38:54,000",301,"00:38:44,658 --> 00:38:54,000","so sapient, so magnanimous...","[Mr. Milchick] Well, it's truly special to host a man so illustrious, so sapient, so magnanimous..."
10e.srt,363,364,"00:40:03,529 --> 00:40:07,698","00:40:07,699 --> 00:40:13,705",316,"00:40:03,529 --> 00:40:13,705",may I introduce Choreography and Merriment!,"And now, lady and gentleman of MDR, may I introduce Choreography and Merriment!"
10e.srt,376,377,"00:42:10,989 --> 00:42:13,075","00:42:14,618 --> 00:42:15,619",328,"00:42:10,989 --> 00:42:15,619",and Gunnel.,with the Ballad of Ambrose and Gunnel.
10e.srt,414,415,"00:49:54,369 --> 00:49:59,958","00:50:00,959 --> 00:50:04,630",365,"00:49:54,369 --> 00:50:04,630",whose spirit it must guide to Kier's door.,"This beast will be entombed with a cherished woman, whose spirit it must guide to Kier's door."
10e.srt,426,427,"00:51:27,671 --> 00:51:30,299","00:51:31,300 --> 00:51:33,927",376,"00:51:27,671 --> 00:51:33,927",and his eternal war against pain.,"[Drummond] We commit this animal to Kier, and his eternal war against pain."
10e.srt,441,442,"00:53:22,828 --> 00:53:24,161","00:53:24,162 --> 00:53:25,705",390,"00:53:22,828 --> 00:53:25,705","I'm leaving, okay?","- Wrong door. - [grunts] I'm leaving, okay?"
10e.srt,489,490,"00:57:40,377 --> 00:57:43,337","00:57:43,338 --> 00:57:46,008",437,"00:57:40,377 --> 00:57:46,008",- and then you are gonna take him to... - [elevator bell dings],"Now, in a second I'm gonna change to my outie, - and then you are gonna take him to... - [elevator bell dings]"
10e.srt,507,508,"01:00:14,990 --> 01:00:16,700","01:00:17,201 --> 01:00:18,801",454,"01:00:14,990 --> 01:00:18,801",and they want our whole department gone.,"Our friend Irving is gone, and they want our whole department gone."
10e.srt,578,579,"01:06:32,784 --> 01:06:34,452","01:06:34,453 --> 01:06:35,912",524,"01:06:32,784 --> 01:06:35,912",You'll kill them all!,- No. - [Mark grunts] You'll kill them all!
10e.srt,586,587,"01:07:09,196 --> 01:07:10,697","01:07:12,491 --> 01:07:13,492",531,"01:07:09,196 --> 01:07:13,492",Come on.,- Um... - [elevator bell dings] Come on.
10e.srt,603,604,"01:08:32,362 --> 01:08:34,238","01:08:39,578 --> 01:08:42,038",547,"01:08:32,362 --> 01:08:42,038","Fuck you, Mr. Milchick.","- Go. Go. - [straining, pants] Fuck you, Mr. Milchick."
10e.srt,614,615,"01:09:15,863 --> 01:09:17,490","01:09:17,491 --> 01:09:20,577",557,"01:09:15,863 --> 01:09:20,577","Mark, come on. Mark, open the door.","- Mark. - [pants] Mark, come on. Mark, open the door."
10e.srt,617,618,"01:09:25,207 --> 01:09:27,876","01:09:32,923 --> 01:09:34,508",559,"01:09:25,207 --> 01:09:34,508",Mark!,- [Helly] Mark. [panting] - [pants] Mark!
10e.srt,628,629,"01:10:19,094 --> 01:10:21,430","01:10:22,181 --> 01:10:26,435",569,"01:10:19,094 --> 01:10:26,435",Mark! Open the door! Mark!,- Mark. - [mutters] Mark! Open the door! Mark!
1e.srt,11,12,"00:03:53,440 --> 00:03:55,536","00:03:55,560 --> 00:03:57,110",11,"00:03:53,440 --> 00:03:57,110",to avoid confusion?,Would you be open to using a different first name to avoid confusion?
1e.srt,16,17,"00:04:15,880 --> 00:04:17,936","00:04:17,960 --> 00:04:19,816",15,"00:04:15,880 --> 00:04:19,816",till we arrive at the management office.,I think it's best to save any queries till we arrive at the management office.
1e.srt,23,24,"00:04:30,430 --> 00:04:32,206","00:04:32,230 --> 00:04:34,956",21,"00:04:30,430 --> 00:04:34,956",was one of the most painful moments in the history of this company.,What you all did five months ago was one of the most painful moments in the history of this company.
1e.srt,41,42,"00:05:29,280 --> 00:05:33,056","00:05:33,080 --> 00:05:34,330",38,"00:05:29,280 --> 00:05:34,330",just as you did.,"Helly r. And Irving b. Both successfully made contact with persons on the outside, just as you did."
1e.srt,47,48,"00:05:50,220 --> 00:05:53,366","00:05:53,390 --> 00:05:54,980",43,"00:05:50,220 --> 00:05:54,980",to keep you in mdr.,"Shortly before your mutiny, we installed security doors to keep you in mdr."
1e.srt,53,54,"00:06:14,080 --> 00:06:15,057","00:06:15,081 --> 00:06:17,500",48,"00:06:14,080 --> 00:06:17,500",I'll carry that knowledge the rest of my life.,"As an unsevered man, I'll carry that knowledge the rest of my life."
1e.srt,55,57,"00:06:19,790 --> 00:06:20,936","00:06:23,960 --> 00:06:26,550",49,"00:06:19,790 --> 00:06:26,550",we've been asking how a sadist like Harmony cobel,"But for the past five months, we've been asking how a sadist like Harmony cobel could take fertile root in lumon soil."
1e.srt,59,60,"00:06:30,840 --> 00:06:34,366","00:06:34,390 --> 00:06:35,850",51,"00:06:30,840 --> 00:06:35,850",when you awoke there.,We also know Ms. Cobel was at your sister's home when you awoke there.
1e.srt,62,64,"00:06:40,770 --> 00:06:43,230","00:06:46,150 --> 00:06:48,070",53,"00:06:40,770 --> 00:06:48,070",and had plans to pursue both you and your outie,"We believe she'd developed an erotic fixation on you and had plans to pursue both you and your outie in what might be termed ""a throuple."""
1e.srt,80,81,"00:08:23,210 --> 00:08:26,146","00:08:26,170 --> 00:08:27,646",69,"00:08:23,210 --> 00:08:27,646",but I love the green carpet.,"It's a little cramped compared to our old mdr, but I love the green carpet."
1e.srt,84,85,"00:08:31,171 --> 00:08:33,736","00:08:33,760 --> 00:08:34,906",72,"00:08:31,171 --> 00:08:34,906",and I hate sweets.,"No. They were puce. I know because it makes me nauseous, and I hate sweets."
1e.srt,96,97,"00:09:13,550 --> 00:09:16,106","00:09:16,130 --> 00:09:18,550",83,"00:09:13,550 --> 00:09:18,550",but I was distracted by my brother-in-law.,"- What, you didn't see it? - Well, I went outside for a second, but I was distracted by my brother-in-law."
1e.srt,112,113,"00:10:01,850 --> 00:10:03,720","00:10:04,310 --> 00:10:05,480",98,"00:10:01,850 --> 00:10:05,480",my name is miss huang.,"Okay. So, my name is miss huang."
1e.srt,120,121,"00:10:40,590 --> 00:10:43,326","00:10:43,350 --> 00:10:45,350",105,"00:10:40,590 --> 00:10:45,350",where I worked with Gwendolyn y.,"I'm from the mdr department of branch 5x, where I worked with Gwendolyn y."
1e.srt,122,123,"00:10:47,310 --> 00:10:51,206","00:10:51,230 --> 00:10:52,980",106,"00:10:47,310 --> 00:10:52,980",when my branch shut down.,Kind of a fun fact about me is that I thought I'd be permanently retired when my branch shut down.
1e.srt,133,134,"00:11:57,840 --> 00:12:00,170","00:12:01,470 --> 00:12:02,550",116,"00:11:57,840 --> 00:12:02,550",not a friend.,"But I have to remind you that I'm a supervisor, not a friend."
1e.srt,163,166,"00:15:38,390 --> 00:15:39,520","00:15:46,110 --> 00:15:48,070",145,"00:15:38,390 --> 00:15:48,070","I don't know if this will reach you, but I'm writing to alert you","""Dear outie, I don't know if this will reach you, but I'm writing to alert you of the heinous conditions in the severed office to which you have transferred me."
1e.srt,170,171,"00:16:01,330 --> 00:16:05,566","00:16:05,590 --> 00:16:11,130",149,"00:16:01,330 --> 00:16:11,130",so that I may explode both milkshake and the very spirit of kier eagan.,"If you must continue to send me here, please consider strapping a bomb to me, so that I may explode both milkshake and the very spirit of kier eagan."
1e.srt,184,185,"00:17:11,570 --> 00:17:16,006","00:17:16,030 --> 00:17:19,990",162,"00:17:11,570 --> 00:17:19,990","which will be transferred to your intended victim, Mark w.","Mark s., at this time, I revoke your status as department chief, which will be transferred to your intended victim, Mark w."
1e.srt,187,188,"00:17:24,290 --> 00:17:26,226","00:17:26,250 --> 00:17:29,250",164,"00:17:24,290 --> 00:17:29,250",and must check in regularly as to your progress.,You will be relegated to the office and must check in regularly as to your progress.
1e.srt,199,200,"00:18:36,030 --> 00:18:39,756","00:18:39,780 --> 00:18:42,676",175,"00:18:36,030 --> 00:18:42,676",- which is why I need to see my team again. - Mark!,"Now, I know that you want to do the right thing for severed people, - which is why I need to see my team again. - Mark!"
1e.srt,201,202,"00:18:42,700 --> 00:18:45,886","00:18:45,910 --> 00:18:48,976",176,"00:18:42,700 --> 00:18:48,976",- then they deserve a chance. - Mark!,"If we truly are the face of severance reform, as you say, - then they deserve a chance. - Mark!"
1e.srt,205,206,"00:19:11,150 --> 00:19:14,046","00:19:14,070 --> 00:19:17,070",179,"00:19:11,150 --> 00:19:17,070",the board does not converse with innies.,"Look, Mr. Milchick, I only went to the board because I cannot the board does not converse with innies."
1e.srt,224,225,"00:21:09,140 --> 00:21:11,456","00:21:11,480 --> 00:21:13,206",197,"00:21:09,140 --> 00:21:13,206",but I didn't fuck with his belt.,"Yeah, bad. Which... I mean, fair, I tackled the man first, but I didn't fuck with his belt."
1e.srt,256,257,"00:23:03,300 --> 00:23:05,526","00:23:05,550 --> 00:23:07,356",228,"00:23:03,300 --> 00:23:07,356",because they don't know what happened?,What if they're waiting for us to tell each other what happened because they don't know what happened?
1e.srt,260,261,"00:23:13,470 --> 00:23:14,470","00:23:15,180 --> 00:23:16,350",231,"00:23:13,470 --> 00:23:16,350","I'm sorry, I was...","I I'm sorry, I was..."
1e.srt,262,263,"00:23:19,390 --> 00:23:20,400","00:23:23,690 --> 00:23:24,980",232,"00:23:19,390 --> 00:23:24,980",are you okay?,Just are you okay?
1e.srt,275,276,"00:23:58,520 --> 00:24:00,036","00:24:00,060 --> 00:24:01,706",244,"00:23:58,520 --> 00:24:01,706","no, dude, I'm saying don't feel bad.","Well, I wasn't trying to no, dude, I'm saying don't feel bad."
1e.srt,284,285,"00:25:54,800 --> 00:25:58,366","00:25:58,390 --> 00:26:00,220",252,"00:25:54,800 --> 00:26:00,220",in this building after today.,What you're about to see will be shown to every innie who sets foot in this building after today.
1e.srt,293,294,"00:26:44,890 --> 00:26:49,036","00:26:49,060 --> 00:26:52,456",260,"00:26:44,890 --> 00:26:52,456",both unsevered and severed.,"But one thing I've always had is a love for my workers, both unsevered and severed."
1e.srt,295,297,"00:26:52,480 --> 00:26:53,796","00:26:57,570 --> 00:27:01,716",261,"00:26:52,480 --> 00:27:01,716",but my basement floor is one of the premier severed workspaces,"Not to brag, but my basement floor is one of the premier severed workspaces in the 206 countries from which lumon operates."
1e.srt,301,304,"00:27:16,170 --> 00:27:19,486","00:27:25,770 --> 00:27:28,020",265,"00:27:16,170 --> 00:27:28,020","dissatisfied with their severed lives,","This question came to light when four mdr workers, dissatisfied with their severed lives, conspired to mount what lumon historians will forever call the macrodat uprising."
1e.srt,313,314,"00:28:10,440 --> 00:28:15,586","00:28:15,610 --> 00:28:18,570",274,"00:28:10,440 --> 00:28:18,570","Christmas mints, and salsa.","These include tasty new snacks, like fruit leather, cut beans, Christmas mints, and salsa."
1e.srt,316,317,"00:28:27,040 --> 00:28:29,766","00:28:29,790 --> 00:28:34,920",276,"00:28:27,040 --> 00:28:34,920",and now range from hall passes to pineapple bobbing...,The incentives were also reformed and now range from hall passes to pineapple bobbing...
1e.srt,319,320,"00:28:46,890 --> 00:28:51,996","00:28:52,020 --> 00:28:58,860",278,"00:28:46,890 --> 00:28:58,860",yet it took the quiet courage of four mdr heroes to show me who I really am.,"You know, it's funny. I've sat by this reflective pool my whole life, yet it took the quiet courage of four mdr heroes to show me who I really am."
1e.srt,332,333,"00:30:09,140 --> 00:30:10,946","00:30:10,970 --> 00:30:14,640",290,"00:30:09,140 --> 00:30:14,640",the break room has no cameras or microphones.,"Like the rest of the severed floor, the break room has no cameras or microphones."
1e.srt,334,335,"00:30:15,640 --> 00:30:19,036","00:30:19,060 --> 00:30:20,690",291,"00:30:15,640 --> 00:30:20,690",like so many sardines.,Privacy shouldn't mean packing into a supply closet like so many sardines.
1e.srt,370,371,"00:32:33,320 --> 00:32:37,096","00:32:37,120 --> 00:32:40,830",326,"00:32:33,320 --> 00:32:40,830",of a really fucking boring apartment.,I saw the inside of a really fucking boring apartment.
1e.srt,382,383,"00:33:13,740 --> 00:33:15,966","00:33:15,990 --> 00:33:18,370",337,"00:33:13,740 --> 00:33:18,370",and that he would tell him everything.,But he said that his brother was a cop and that he would tell him everything.
1e.srt,425,426,"00:36:51,250 --> 00:36:53,976","00:36:54,000 --> 00:36:56,170",379,"00:36:51,250 --> 00:36:56,170","we're not the same, actually.","- Is that what it is? Mushy? Okay. - It's... yeah. Listen, helly we're not the same, actually."
1e.srt,429,430,"00:37:08,470 --> 00:37:10,140","00:37:11,770 --> 00:37:12,980",382,"00:37:08,470 --> 00:37:12,980","well, she's one of us.","But Ms. Casey is well, she's one of us."
1e.srt,449,450,"00:38:38,440 --> 00:38:39,820","00:38:41,440 --> 00:38:42,730",401,"00:38:38,440 --> 00:38:42,730",and not trying to be happy.,When I was good at my job and not trying to be happy.
1e.srt,469,470,"00:39:51,010 --> 00:39:54,406","00:39:54,430 --> 00:39:56,730",420,"00:39:51,010 --> 00:39:56,730",and I know because I encouraged the courtship.,"But he is not the point. Innie Burt is the guy you fell for, and I know because I encouraged the courtship."
1e.srt,471,472,"00:39:58,060 --> 00:39:59,060","00:40:01,360 --> 00:40:02,876",421,"00:39:58,060 --> 00:40:02,876",I want it to be over.,I I want it to be over.
1e.srt,473,474,"00:40:02,900 --> 00:40:06,796","00:40:06,820 --> 00:40:09,700",422,"00:40:02,900 --> 00:40:09,700",I want the pain to be over.,Okay. So then after you find the black hallway or I want the pain to be over.
1e.srt,480,482,"00:40:27,130 --> 00:40:28,760","00:40:31,890 --> 00:40:35,326",428,"00:40:27,130 --> 00:40:35,326","and I would be less productive,","Because I would be sad, and I would be less productive, and I'm really good at what I do here, whatever it is."
1e.srt,487,488,"00:40:59,660 --> 00:41:02,266","00:41:02,290 --> 00:41:06,040",433,"00:40:59,660 --> 00:41:06,040",he would be telling you to stick around and figure out what the fuck this is.,"All I'm saying is, if Burt was still here, he would be telling you to stick around and figure out what the fuck this is."
1e.srt,495,496,"00:42:08,480 --> 00:42:09,956","00:42:09,980 --> 00:42:14,400",440,"00:42:08,480 --> 00:42:14,400",but could you please see that it's taken care of? Yes. Thank you.,"- Well, I sympathize... - Mr. Milchick, but could you please see that it's taken care of? Yes. Thank you."
1e.srt,497,498,"00:42:16,160 --> 00:42:17,546","00:42:17,570 --> 00:42:19,256",441,"00:42:16,160 --> 00:42:19,256",I need you to put that call through immediately.,"If someone calls about my welcome screen, I need you to put that call through immediately."
1e.srt,511,512,"00:43:30,730 --> 00:43:33,006","00:43:33,030 --> 00:43:35,610",454,"00:43:30,730 --> 00:43:35,610",of which I chose not to inform your colleagues.,"These are blueprints for a new renovation, of which I chose not to inform your colleagues."
2e.srt,26,27,"00:01:16,285 --> 00:01:17,828","00:02:15,761 --> 00:02:17,137",26,"00:01:16,285 --> 00:02:17,137",Fetid moppet.,- I think she wants mommy. - [sniffles] Fetid moppet.
2e.srt,62,63,"00:06:10,162 --> 00:06:12,914","00:06:12,915 --> 00:06:17,126",61,"00:06:10,162 --> 00:06:17,126",and I need to interview Dylan G. To see how he gained access to the...,"I recommend we start by scouring the feed, and I need to interview Dylan G. To see how he gained access to the..."
2e.srt,76,77,"00:07:44,006 --> 00:07:46,257","00:07:46,258 --> 00:07:48,719",74,"00:07:44,006 --> 00:07:48,719",we wouldn't be making this generous offer.,"[Helly] And if we didn't hold you in such high esteem, we wouldn't be making this generous offer."
2e.srt,83,87,"00:08:54,618 --> 00:08:55,701","00:09:04,086 --> 00:09:06,630",80,"00:08:54,618 --> 00:09:06,630",at an event where I was excited to share my status as a severed individual,"Earlier this evening, at an event where I was excited to share my status as a severed individual with a group of friends and allies, I made the poor decision to consume alcohol while on a non-Lumon medication for an arm rash."
2e.srt,88,89,"00:09:08,423 --> 00:09:10,217","00:09:10,759 --> 00:09:13,595",81,"00:09:08,423 --> 00:09:13,595",which caused me to say some deeply regrettable things.,"This had an inebriating effect, which caused me to say some deeply regrettable things."
2e.srt,101,103,"00:09:52,301 --> 00:09:54,844","00:09:58,390 --> 00:10:00,767",93,"00:09:52,301 --> 00:10:00,767",I've been reminded just how seriously my family's company,"But in the hours since this outburst, I've been reminded just how seriously my family's company affects the lives of real people around the world."
2e.srt,109,110,"00:10:28,170 --> 00:10:29,670","00:10:29,671 --> 00:10:33,007",99,"00:10:28,170 --> 00:10:33,007",it's our cherished workers and their families who suffer first.,"When Lumon falters, it's our cherished workers and their families who suffer first."
2e.srt,113,114,"00:10:39,264 --> 00:10:41,349","00:10:41,350 --> 00:10:43,267",102,"00:10:39,264 --> 00:10:43,267",with another employee this evening.,[Mr. Milchick] You were involved in a physical altercation with another employee this evening.
2e.srt,117,119,"00:10:47,773 --> 00:10:49,190","00:10:52,694 --> 00:10:54,529",105,"00:10:47,773 --> 00:10:54,529","I'm afraid we've no choice but to terminate your employment,","- Wait... [breathes heavily] - As such, I'm afraid we've no choice but to terminate your employment, effective immediately."
2e.srt,143,144,"00:13:41,488 --> 00:13:43,114","00:13:43,115 --> 00:13:44,198",129,"00:13:41,488 --> 00:13:44,198",- with chapter 1. - So what?,I just have to decide if I'm going to restart - with chapter 1. - So what?
2e.srt,157,158,"00:14:14,521 --> 00:14:15,771","00:14:15,772 --> 00:14:17,732",142,"00:14:14,521 --> 00:14:17,732",[Devon] So let's... [sighs] Occam's razor this shit.,"- [Ricken] Uh, yep. - [sighs] [Devon] So let's... [sighs] Occam's razor this shit."
2e.srt,159,161,"00:14:17,733 --> 00:14:19,692","00:14:22,404 --> 00:14:23,779",143,"00:14:17,733 --> 00:14:23,779","you find this picture, which obviously is of interest to you,","You're looking for Eleanor, you find this picture, which obviously is of interest to you, - so you pick it up. - Right."
2e.srt,175,176,"00:14:56,188 --> 00:14:57,313","00:14:57,314 --> 00:14:58,689",157,"00:14:56,188 --> 00:14:58,689","- with me right now? - Oh, my God! Th...","Why are you getting aggressive - with me right now? - Oh, my God! Th..."
2e.srt,195,196,"00:15:57,416 --> 00:15:59,751","00:16:00,335 --> 00:16:01,336",176,"00:15:57,416 --> 00:16:01,336",May I sit with you?,"- Oh, you could say that. - [chuckles] May I sit with you?"
2e.srt,205,206,"00:16:38,081 --> 00:16:39,832","00:16:39,833 --> 00:16:43,962",185,"00:16:38,081 --> 00:16:43,962",if we ever need to access your work personage off company grounds.,It's a safeguard we employ if we ever need to access your work personage off company grounds.
2e.srt,209,210,"00:16:50,594 --> 00:16:54,639","00:16:54,640 --> 00:16:58,101",188,"00:16:50,594 --> 00:16:58,101",allowing him to wake the rest of you for a period of 39 minutes.,"It seems the tech was commandeered by one of your office mates, allowing him to wake the rest of you for a period of 39 minutes."
2e.srt,220,222,"00:17:29,800 --> 00:17:31,133","00:17:33,345 --> 00:17:35,097",198,"00:17:29,800 --> 00:17:35,097",for your managers to commit fucking lactation fraud,just wondering how common it is for your managers to commit fucking lactation fraud against their employees' families.
2e.srt,227,228,"00:17:49,236 --> 00:17:51,696","00:17:51,697 --> 00:17:54,198",203,"00:17:49,236 --> 00:17:54,198","I, like, know her.","- Uh, yeah. She lives next door to me. - [Devon chuckles] I, like, know her."
2e.srt,229,230,"00:17:54,199 --> 00:17:55,825","00:17:55,826 --> 00:17:58,078",204,"00:17:54,199 --> 00:17:58,078",seems to be the source of your innie's distress.,And her behavior at Lumon seems to be the source of your innie's distress.
2e.srt,276,277,"00:24:52,284 --> 00:24:55,077","00:24:55,078 --> 00:24:58,290",250,"00:24:52,284 --> 00:24:58,290","I... I think this is gonna be a really great fit for me, Mr. Saliba.","Okay. Okay, great. Yeah, you know, I... I think this is gonna be a really great fit for me, Mr. Saliba."
2e.srt,278,279,"00:24:58,916 --> 00:25:00,875","00:25:00,876 --> 00:25:03,212",251,"00:24:58,916 --> 00:25:03,212",- I've always felt like doors had... - How old?,"You know... [stammers] ever since I was a kid, - I've always felt like doors had... - How old?"
2e.srt,287,288,"00:25:27,861 --> 00:25:32,658","00:25:33,283 --> 00:25:35,034",259,"00:25:27,861 --> 00:25:35,034","uh, when you're not needed, you can just...","Well, you're, you know, doing your door thing and then, uh, when you're not needed, you can just..."
2e.srt,307,308,"00:26:38,223 --> 00:26:41,142","00:26:41,143 --> 00:26:43,729",278,"00:26:38,223 --> 00:26:43,729","it's just me here and, um...","Yes. Yeah, I was. Um, but you know, it's just me here and, um..."
2e.srt,315,316,"00:26:58,785 --> 00:27:00,953","00:27:00,954 --> 00:27:02,663",285,"00:26:58,785 --> 00:27:02,663",not a certain kind of two people.,"We need a certain kind of person here, Mr. George, not a certain kind of two people."
2e.srt,318,319,"00:27:04,082 --> 00:27:06,125","00:27:06,126 --> 00:27:07,335",287,"00:27:04,082 --> 00:27:07,335",that's your business.,"- What? - You want to circumcise your brain, that's your business."
2e.srt,337,338,"00:28:17,698 --> 00:28:20,700","00:28:20,701 --> 00:28:24,037",305,"00:28:17,698 --> 00:28:24,037",maybe there was a way we could confirm what your innie meant.,"Fuck. Well, I was just thinking, maybe there was a way we could confirm what your innie meant."
2e.srt,340,342,"00:28:27,708 --> 00:28:29,667","00:28:31,336 --> 00:28:33,088",307,"00:28:27,708 --> 00:28:33,088","but Danise is a lawyer and apparently,","- I know we're not supposed to contact him... - [scoffs] but Danise is a lawyer and apparently, - you can petition... - I'm quitting."
2e.srt,355,356,"00:29:11,210 --> 00:29:15,046","00:29:15,047 --> 00:29:18,674",320,"00:29:11,210 --> 00:29:18,674",then it's not gonna be something that continues to haunt us.,"My thing is, if we could just get, like, a half-step more confirmation, then it's not gonna be something that continues to haunt us."
2e.srt,366,367,"00:29:42,491 --> 00:29:46,702","00:29:46,703 --> 00:29:48,704",330,"00:29:42,491 --> 00:29:48,704",- I'd be sad for you. - Wow.,"You know what? Honestly, if Ricken died and his body burned, - I'd be sad for you. - Wow."
2e.srt,380,381,"00:32:13,016 --> 00:32:15,227","00:32:27,197 --> 00:32:28,240",343,"00:32:13,016 --> 00:32:28,240",Mr. Milchick?,- [doorbell rings] - [knocking] Mr. Milchick?
2e.srt,396,397,"00:33:17,497 --> 00:33:22,210","00:33:22,211 --> 00:33:23,337",358,"00:33:17,497 --> 00:33:23,337",should you return.,"I ask because our endearment to you is such that a 20% bump is on the table, should you return."
2e.srt,399,401,"00:33:28,509 --> 00:33:33,095","00:33:36,225 --> 00:33:39,019",360,"00:33:28,509 --> 00:33:39,019","and regular wellness checks from independent orgs,","My second question is whether a full investigation into your innie's claims, and regular wellness checks from independent orgs, would help you feel more excited to return?"
2e.srt,407,408,"00:33:59,498 --> 00:34:00,706","00:34:00,707 --> 00:34:04,169",366,"00:33:59,498 --> 00:34:04,169",you cited her death as a primary motivator for severing.,"In your intake interview, you cited her death as a primary motivator for severing."
2e.srt,450,451,"00:37:58,737 --> 00:38:02,198","00:38:02,199 --> 00:38:05,451",408,"00:37:58,737 --> 00:38:05,451",- which is why I need to see my team again. - [Mr. Milchick] Mark!,"Now, I know that you want to do the right thing for severed people, - which is why I need to see my team again. - [Mr. Milchick] Mark!"
2e.srt,452,453,"00:38:05,452 --> 00:38:08,287","00:38:08,288 --> 00:38:11,415",409,"00:38:05,452 --> 00:38:11,415",- then they deserve a chance. - [Mr. Milchick] Mark!,"[Mark] If we truly are the face of severance reform, as you say, - then they deserve a chance. - [Mr. Milchick] Mark!"
2e.srt,456,457,"00:38:22,761 --> 00:38:24,763","00:38:25,973 --> 00:38:27,641",412,"00:38:22,761 --> 00:38:27,641",including Helly R.,"The Board's gonna give him what he wants, including Helly R."
2e.srt,497,498,"00:43:26,607 --> 00:43:28,442","00:43:37,451 --> 00:43:41,955",452,"00:43:26,607 --> 00:43:41,955",Why did you do this? What the fuck is this all about?,- Are you fucking kid... - [engine revs] Why did you do this? What the fuck is this all about?
3e.srt,8,9,"00:01:08,151 --> 00:01:11,613","00:02:16,595 --> 00:02:17,846",8,"00:01:08,151 --> 00:02:17,846","Good morning, Mr. Scout.","-[engine starts] -[""Love Spreads"" playing] Good morning, Mr. Scout."
3e.srt,11,12,"00:02:44,122 --> 00:02:48,377","00:02:48,460 --> 00:02:54,591",10,"00:02:44,122 --> 00:02:54,591","six, seven, eight, nine, ten, 11, 12.","One, two, three, four, five, six, seven, eight, nine, ten, 11, 12."
3e.srt,13,14,"00:02:56,885 --> 00:02:59,638","00:02:59,721 --> 00:03:03,725",11,"00:02:56,885 --> 00:03:03,725","35, 36, thirty-se--","Thirty-two, 33, 34, 35, 36, thirty-se--"
3e.srt,40,41,"00:05:54,646 --> 00:05:57,691","00:05:57,774 --> 00:05:58,901",37,"00:05:54,646 --> 00:05:58,901",Sorry?,"So, say we find her… Sorry?"
3e.srt,42,43,"00:05:58,984 --> 00:06:01,195","00:06:01,278 --> 00:06:05,073",38,"00:05:58,984 --> 00:06:05,073","""Yes, Ms. Casey's here. She's in this goat cage.""","Say we get to the goat department and they're like, ""Yes, Ms. Casey's here. She's in this goat cage."""
3e.srt,45,46,"00:06:06,325 --> 00:06:09,494","00:06:09,578 --> 00:06:12,831",40,"00:06:06,325 --> 00:06:12,831","and once we're out the door, my outie'll know what to do.","Well, we get her to the south stairwell… I'll go with her… and once we're out the door, my outie'll know what to do."
3e.srt,52,53,"00:07:00,003 --> 00:07:01,004","00:07:05,759 --> 00:07:07,845",46,"00:07:00,003 --> 00:07:07,845",I… I… [stammers] Um.,Um… I… I… [stammers] Um.
3e.srt,66,67,"00:08:28,550 --> 00:08:30,802","00:08:32,346 --> 00:08:33,597",59,"00:08:28,550 --> 00:08:33,597","yeah, maybe.","Yeah. Um, yeah, maybe."
3e.srt,70,71,"00:08:42,731 --> 00:08:45,317","00:08:47,819 --> 00:08:48,820",62,"00:08:42,731 --> 00:08:48,820",[Irving] Miss Huang.,"-Look, I… I can't really explain. I just-- -[approaching footsteps] [Irving] Miss Huang."
3e.srt,78,79,"00:09:28,986 --> 00:09:30,195","00:09:30,279 --> 00:09:31,572",69,"00:09:28,986 --> 00:09:31,572",I've got the Board.,"Uh, they were in the-- I've got the Board."
3e.srt,90,92,"00:10:23,999 --> 00:10:25,000","00:10:32,049 --> 00:10:36,345",80,"00:10:23,999 --> 00:10:36,345",please accept from the Board these inclusively re-canonicalized paintings,"To that end, please accept from the Board these inclusively re-canonicalized paintings intended to help you see yourself in Kier, our founder."
3e.srt,95,97,"00:11:31,108 --> 00:11:33,360","00:11:37,197 --> 00:11:39,616",83,"00:11:31,108 --> 00:11:39,616",received the same gift upon receipt of my current position,"The Board wishes to express that I, Natalie, received the same gift upon receipt of my current position and found it extremely moving."
3e.srt,100,101,"00:11:43,704 --> 00:11:49,877","00:11:58,302 --> 00:12:00,179",86,"00:11:43,704 --> 00:12:00,179",The Board has concluded the call.,It's meaningful to see myself reflected in… The Board has concluded the call.
3e.srt,110,111,"00:14:30,913 --> 00:14:31,914","00:14:36,793 --> 00:14:37,794",95,"00:14:30,913 --> 00:14:37,794",You sure?,"Oh, you're gonna-- You sure?"
3e.srt,141,142,"00:18:41,205 --> 00:18:42,206","00:18:48,712 --> 00:18:51,089",125,"00:18:41,205 --> 00:18:51,089",we don't abide such fripperies here.,Wellness… we don't abide such fripperies here.
3e.srt,165,167,"00:21:51,436 --> 00:21:55,357","00:21:59,611 --> 00:22:00,612",148,"00:21:51,436 --> 00:22:00,612","you've earned an 18-minute visitation event with your outie's wife,","Dylan G., through good behavior and output, you've earned an 18-minute visitation event with your outie's wife, Gretchen G."
3e.srt,175,176,"00:22:40,861 --> 00:22:43,363","00:22:43,447 --> 00:22:48,493",156,"00:22:40,861 --> 00:22:48,493","Oh, thanks. Um, they made me put my stuff in here.","Uh, your… The, um-- Oh, thanks. Um, they made me put my stuff in here."
3e.srt,179,180,"00:22:59,046 --> 00:23:04,259","00:23:06,220 --> 00:23:09,056",159,"00:22:59,046 --> 00:23:09,056","Yeah, Seth warned me that this might be weird.","No. Um… Well, I mean, from the photos from just now, but… Yeah, Seth warned me that this might be weird."
3e.srt,181,183,"00:23:11,350 --> 00:23:13,852","00:23:15,812 --> 00:23:17,981",160,"00:23:11,350 --> 00:23:17,981",[Miss Huang] Please refrain from sharing information,-Who's Seth? -Don't you-- [Miss Huang] Please refrain from sharing information that may be privileged or sensitive.
3e.srt,190,191,"00:23:39,795 --> 00:23:40,963","00:23:45,217 --> 00:23:46,760",167,"00:23:39,795 --> 00:23:46,760",We have three kids.,Um… [clicks tongue] We have three kids.
3e.srt,193,195,"00:23:49,721 --> 00:23:53,934","00:24:00,649 --> 00:24:05,445",169,"00:23:49,721 --> 00:24:05,445","No, he… Or--","And y-you, um… No, he… Or-- My husband has had trouble keeping other jobs."
3e.srt,202,203,"00:24:18,083 --> 00:24:19,209","00:24:21,753 --> 00:24:24,089",176,"00:24:18,083 --> 00:24:24,089",He never quite found his thing.,He just… He never quite found his thing.
3e.srt,219,221,"00:25:42,543 --> 00:25:44,795","00:25:50,092 --> 00:25:54,179",192,"00:25:42,543 --> 00:25:54,179","""I don't care if you're Baird goddamn Eagan,","And then… And Burt says, ""I don't care if you're Baird goddamn Eagan, you don't come to my department and tell me how to print a snow globe."""
3e.srt,231,232,"00:26:24,209 --> 00:26:26,628","00:26:29,339 --> 00:26:30,465",202,"00:26:24,209 --> 00:26:30,465",Here.,-If we see her-- -N-Not her… Not her. It's a… Here.
3e.srt,254,255,"00:28:12,609 --> 00:28:15,737","00:28:15,821 --> 00:28:18,115",224,"00:28:12,609 --> 00:28:18,115",That's not a Mammalians problem.,"No, no, no, no. You can't do that. They could kill her if they find out-- That's not a Mammalians problem."
3e.srt,257,258,"00:28:19,992 --> 00:28:22,661","00:28:22,744 --> 00:28:23,954",226,"00:28:19,992 --> 00:28:23,954",We're not afraid of you.,"Listen, we used to be afraid of other departments too-- We're not afraid of you."
3e.srt,260,261,"00:28:27,332 --> 00:28:29,793","00:28:29,877 --> 00:28:32,546",228,"00:28:27,332 --> 00:28:32,546",then who's gonna step up when it happens to us?,"And if we let this happen to Ms. Casey, then who's gonna step up when it happens to us?"
3e.srt,272,273,"00:29:56,588 --> 00:29:58,549","00:30:02,928 --> 00:30:04,596",239,"00:29:56,588 --> 00:30:04,596",like to see your bellies.,"But before you go, we would… like to see your bellies."
3e.srt,279,280,"00:30:41,049 --> 00:30:42,759","00:30:42,843 --> 00:30:45,262",245,"00:30:41,049 --> 00:30:45,262",-So we'll just… Yeah. -[Mark] Yeah.,"Uh, okay. Let's-- -So we'll just… Yeah. -[Mark] Yeah."
3e.srt,282,284,"00:30:53,270 --> 00:30:54,521","00:30:59,860 --> 00:31:01,612",247,"00:30:53,270 --> 00:31:01,612",Uh…,Uh-- [clears throat] Uh… I'm… I'm glad we did this.
3e.srt,285,286,"00:31:02,487 --> 00:31:06,617","00:31:07,618 --> 00:31:08,702",248,"00:31:02,487 --> 00:31:08,702","Yeah, it was.","I mean, I hope, for you, this was… I don't know. Uh… Yeah, it was."
3e.srt,290,291,"00:31:22,341 --> 00:31:23,342","00:31:30,224 --> 00:31:31,558",252,"00:31:22,341 --> 00:31:31,558",I love you.,Um… I love you.
3e.srt,294,295,"00:31:36,939 --> 00:31:38,524","00:31:43,820 --> 00:31:44,821",255,"00:31:36,939 --> 00:31:44,821",Okay.,"-Habit. -No, it's, um… Okay."
3e.srt,300,301,"00:32:22,776 --> 00:32:26,864","00:32:26,947 --> 00:32:30,868",260,"00:32:22,776 --> 00:32:30,868","[Gretchen] So remember Merrick's ear thing, okay?","-[Merrick babbling] -[approaching footsteps] [Gretchen] So remember Merrick's ear thing, okay?"
3e.srt,308,309,"00:32:47,009 --> 00:32:50,179","00:32:50,262 --> 00:32:52,973",267,"00:32:47,009 --> 00:32:52,973","-and then you put them in the oven. -Got it, yeah.","So, it's a tube and you just need to slice them -and then you put them in the oven. -Got it, yeah."
3e.srt,324,325,"00:33:34,806 --> 00:33:39,186","00:33:39,686 --> 00:33:43,815",282,"00:33:34,806 --> 00:33:43,815","which is why sadness is among the most recurrent issues facing the poor.""","Indeed, only wine can achieve this, but it is famously costly, which is why sadness is among the most recurrent issues facing the poor."""
3e.srt,338,339,"00:34:16,764 --> 00:34:18,641","00:34:18,725 --> 00:34:20,893",295,"00:34:16,764 --> 00:34:20,893",has found its way onto our severed floor.,I'm sure you know by now that your husband's work has found its way onto our severed floor.
3e.srt,341,342,"00:34:24,398 --> 00:34:29,152","00:34:29,235 --> 00:34:31,989",297,"00:34:24,398 --> 00:34:31,989","[clicks tongue] Uh, what was the… the term you used?","Uh, so w-we've actually moved beyond that, and we are now discussing the, um-- [clicks tongue] Uh, what was the… the term you used?"
3e.srt,344,345,"00:34:34,408 --> 00:34:36,243","00:34:36,326 --> 00:34:37,703",299,"00:34:34,408 --> 00:34:37,703",-upon our workers. -[Ricken] Huh.,Ricken's words have had a profound effect -upon our workers. -[Ricken] Huh.
3e.srt,347,349,"00:34:39,746 --> 00:34:44,251","00:34:47,880 --> 00:34:48,880",301,"00:34:39,746 --> 00:34:48,880",-specifically for innies. -[chuckles],"And, uh, Natalie wants to discuss a version of The You You Are, -specifically for innies. -[chuckles] Oh."
3e.srt,353,354,"00:34:58,807 --> 00:35:03,353","00:35:03,437 --> 00:35:05,272",305,"00:34:58,807 --> 00:35:05,272","It's fascinating, actually. You, please.","-[stammering] Um… [chuckles] -[chuckles] It's fascinating, actually. You, please."
3e.srt,359,360,"00:35:19,536 --> 00:35:22,456","00:35:23,040 --> 00:35:24,166",310,"00:35:19,536 --> 00:35:24,166",Of course.,"Um, I gotta go. But she needs a bottle in an hour. So… Of course."
3e.srt,367,368,"00:35:47,189 --> 00:35:50,526","00:35:50,609 --> 00:35:52,945",317,"00:35:47,189 --> 00:35:52,945","[Devon] Nope, 'cause it's Ricken they're after.","[Mark] Wh-What… Was she asking, like, what I'm up to or-- [Devon] Nope, 'cause it's Ricken they're after."
3e.srt,378,379,"00:36:18,345 --> 00:36:20,055","00:36:20,138 --> 00:36:22,641",327,"00:36:18,345 --> 00:36:22,641","so you need to see the afterimage for, like, two and a half minutes?","-Good. -[sighs] Okay, so you need to see the afterimage for, like, two and a half minutes?"
3e.srt,399,403,"00:38:52,124 --> 00:38:54,668","00:39:04,344 --> 00:39:07,764",347,"00:38:52,124 --> 00:39:07,764","three, four, five,","-[switch clicks] -[Mark] Two, three, four, five, six, seven, eight, nine, ten, 11, 12. Shit."
3e.srt,411,413,"00:40:42,401 --> 00:40:45,863","00:40:50,284 --> 00:40:51,827",355,"00:40:42,401 --> 00:40:51,827",which is why,"I intend to finish the work that I started, which is why Milchick must go."
3e.srt,416,418,"00:41:05,549 --> 00:41:06,925","00:41:14,016 --> 00:41:15,017",358,"00:41:05,549 --> 00:41:15,017",hubris…,I hear ego… hubris… arrogance.
3e.srt,420,422,"00:41:22,816 --> 00:41:25,235","00:41:32,284 --> 00:41:35,078",360,"00:41:22,816 --> 00:41:35,078","through dedication and industry,","Everything I accomplished, I earned… through dedication and industry, not because I was born into it."
3e.srt,423,424,"00:41:42,961 --> 00:41:45,714","00:41:47,049 --> 00:41:49,218",361,"00:41:42,961 --> 00:41:49,218",and underestimated your blessings.,I think you've overestimated your contributions and underestimated your blessings.
3e.srt,432,433,"00:42:32,761 --> 00:42:36,139","00:42:37,057 --> 00:42:38,725",369,"00:42:32,761 --> 00:42:38,725",for Ms. Cobel and myself.,Please see if the Board is available for Ms. Cobel and myself.
3e.srt,438,440,"00:44:45,185 --> 00:44:50,440","00:44:53,277 --> 00:44:54,987",374,"00:44:45,185 --> 00:44:54,987",thirty s--,"[whispering] Thirty-three, 34, 35, 36, thirty s-- Jesus Christ."
3e.srt,441,442,"00:44:55,070 --> 00:44:59,491","00:44:59,575 --> 00:45:03,370",375,"00:44:55,070 --> 00:45:03,370",because your computer told you that was a brilliant idea?,Are you trying to burn a message to your innie into your retinas because your computer told you that was a brilliant idea?
3e.srt,444,445,"00:45:09,042 --> 00:45:12,004","00:45:12,087 --> 00:45:14,339",377,"00:45:09,042 --> 00:45:14,339",What are you… What?,"-No, no. What? No, no, no, no, no. -[knocking] What are you… What?"
3e.srt,451,452,"00:45:26,727 --> 00:45:29,980","00:45:30,647 --> 00:45:32,399",383,"00:45:26,727 --> 00:45:32,399","Mark, unlock the door.","-Uh, that's his problem. I don't know. -[door latch clicks] Mark, unlock the door."
3e.srt,455,456,"00:45:36,028 --> 00:45:38,113","00:45:38,197 --> 00:45:41,658",386,"00:45:36,028 --> 00:45:41,658","Mark, unlock this fucking door!","-Oh, my God. Oh, my God. -Mark, unlock the-- Mark, unlock this fucking door!"
3e.srt,474,476,"00:47:42,029 --> 00:47:45,282","00:47:49,703 --> 00:47:51,538",404,"00:47:42,029 --> 00:47:51,538","There is one way, and one way only, to get information in and out of Lumon,","[breathing shakily] How the fu… There is one way, and one way only, to get information in and out of Lumon, and that's reintegration."
3e.srt,478,479,"00:47:55,876 --> 00:47:59,254","00:47:59,338 --> 00:48:01,048",406,"00:47:55,876 --> 00:48:01,048",[breathing shakily] Yes. Do it.,I can sew together a version of you that loves her with a version of you that can-- [breathing shakily] Yes. Do it.
3e.srt,486,487,"00:49:04,069 --> 00:49:07,489","00:49:07,573 --> 00:49:08,699",413,"00:49:04,069 --> 00:49:08,699",of the innie and outie.,[Reghabi] The monitors differentiate the five brain wave frequencies of the innie and outie.
3e.srt,494,495,"00:49:29,178 --> 00:49:30,179","00:49:32,181 --> 00:49:34,766",420,"00:49:29,178 --> 00:49:34,766",[sighs] …is it gonna hurt?,Uh… [sighs] …is it gonna hurt?
3e.srt,513,514,"00:50:30,364 --> 00:50:31,365","00:50:31,448 --> 00:50:32,866",438,"00:50:30,364 --> 00:50:32,866",We've started. Who am I?,"Okay, so are… are-- We've started. Who am I?"
3e.srt,521,522,"00:50:45,796 --> 00:50:47,047","00:50:47,548 --> 00:50:48,465",445,"00:50:45,796 --> 00:50:48,465",Seriously?,Uh… Seriously?
4e.srt,11,12,"00:01:04,105 --> 00:01:06,400","00:01:07,317 --> 00:01:10,904",11,"00:01:04,105 --> 00:01:10,904",but there's a path up the cliff right down there!,"[Mark] I have no fucking idea, but there's a path up the cliff right down there!"
4e.srt,49,50,"00:03:16,196 --> 00:03:19,574","00:03:19,575 --> 00:03:21,243",48,"00:03:16,196 --> 00:03:21,243",but this is fucking insane.,"Oh, my God. I mean, I knew there was no actual ceiling, but this is fucking insane."
4e.srt,58,60,"00:04:33,232 --> 00:04:36,359","00:04:38,529 --> 00:04:42,991",56,"00:04:33,232 --> 00:04:42,991",to your first ever,"This is Mr. Milchick from work, and I'm thrilled to welcome you to your first ever outdoor retreat and team-building occurrence."
4e.srt,62,64,"00:04:50,374 --> 00:04:51,958","00:04:56,088 --> 00:05:01,593",58,"00:04:50,374 --> 00:05:01,593","you will spend the next two calendar days walking the meadows,","With your outies' blessings, you will spend the next two calendar days walking the meadows, thickets, brambles and brooks that make up the Dieter Eagan National Forest."
4e.srt,69,70,"00:05:19,111 --> 00:05:23,364","00:05:23,365 --> 00:05:28,287",63,"00:05:19,111 --> 00:05:28,287",a text of such sanctity that it is forbidden upon the severed floor.,"Kier dictated a fourth appendix in his final hours of life, a text of such sanctity that it is forbidden upon the severed floor."
4e.srt,71,73,"00:05:29,621 --> 00:05:32,416","00:05:34,751 --> 00:05:38,839",64,"00:05:29,621 --> 00:05:38,839",the very same grotto,"It's waiting for you in Scissor Cave, the very same grotto where Kier Eagan tamed the four tempers for the very first time."
4e.srt,74,75,"00:05:39,965 --> 00:05:41,175","00:05:42,050 --> 00:05:47,681",65,"00:05:39,965 --> 00:05:47,681","""Stray not from Kier's path, lest you roil nature's wrath.""","And do remember, ""Stray not from Kier's path, lest you roil nature's wrath."""
4e.srt,90,91,"00:10:39,765 --> 00:10:42,518","00:10:43,143 --> 00:10:45,062",80,"00:10:39,765 --> 00:10:45,062","a twin brother who was called Dieter.""","The lodgings of my mother's womb I shared with another, a twin brother who was called Dieter."""
4e.srt,95,96,"00:10:55,572 --> 00:10:59,952","00:11:00,744 --> 00:11:03,705",84,"00:10:55,572 --> 00:11:03,705",he beseeched me to take to the wood with him to live as paupers.,"""In infancy, he was my bosom friend. But as we blossomed into boyhood, he beseeched me to take to the wood with him to live as paupers."
4e.srt,97,98,"00:11:05,249 --> 00:11:08,168","00:11:08,836 --> 00:11:12,172",85,"00:11:05,249 --> 00:11:12,172","I acceded, and we ventured into the wood towards""...","My love for my twin unbalancing my judgment, I acceded, and we ventured into the wood towards""..."
4e.srt,102,103,"00:11:37,823 --> 00:11:41,242","00:11:41,243 --> 00:11:43,661",89,"00:11:37,823 --> 00:11:43,661",unfastened himself.,"- Once concealed by flora, my brother""... - [Kier] ...flora, my brother unfastened himself."
4e.srt,105,106,"00:11:51,461 --> 00:11:54,338","00:11:54,339 --> 00:11:57,258",91,"00:11:51,461 --> 00:11:57,258","- with the trill of the crickets... - ""trill of the crickets""...","His every thrust found rhythm - with the trill of the crickets... - ""trill of the crickets""..."
4e.srt,109,110,"00:12:04,016 --> 00:12:06,726","00:12:06,727 --> 00:12:09,312",94,"00:12:04,016 --> 00:12:09,312","- an instrument of nature... - [Irving] ...""an instrument of nature""...","[Kier] Dieter became, on that night - an instrument of nature... - [Irving] ...""an instrument of nature""..."
4e.srt,112,113,"00:12:12,983 --> 00:12:16,319","00:12:16,320 --> 00:12:20,449",96,"00:12:12,983 --> 00:12:20,449","as he spilt his lineage upon the soil.""","I had no choice but to listen as he spilt his lineage upon the soil."""
4e.srt,132,133,"00:14:51,600 --> 00:14:54,644","00:14:54,645 --> 00:14:56,020",115,"00:14:51,600 --> 00:14:56,020",due to your feelings for her.,[sighs] It's clear you do not have an objective perspective due to your feelings for her.
4e.srt,173,174,"00:19:18,200 --> 00:19:20,994","00:19:21,912 --> 00:19:26,458",155,"00:19:18,200 --> 00:19:26,458",and the outhouse is stocked with four-ply washroom tissue.,"The tents, as you can see, are MDR blue and the outhouse is stocked with four-ply washroom tissue."
4e.srt,177,178,"00:19:33,674 --> 00:19:38,428","00:19:39,054 --> 00:19:41,765",158,"00:19:33,674 --> 00:19:41,765",which can provide both a heat and a light source.,"Also, for your comfort and safety, torches, which can provide both a heat and a light source."
4e.srt,206,207,"00:22:06,618 --> 00:22:09,037","00:22:09,746 --> 00:22:12,332",186,"00:22:06,618 --> 00:22:12,332",though the hollow's pool was primed for bathing.,"[Mr. Milchick] ""Dieter lay unwashed in his bedroll, though the hollow's pool was primed for bathing."
4e.srt,208,209,"00:22:13,417 --> 00:22:15,334","00:22:15,335 --> 00:22:19,381",187,"00:22:13,417 --> 00:22:19,381",and told each other rhyming jokes till our gullets ached.,We ate of the hare we'd caught and told each other rhyming jokes till our gullets ached.
4e.srt,216,217,"00:22:52,122 --> 00:22:53,749","00:22:54,625 --> 00:22:59,213",194,"00:22:52,122 --> 00:22:59,213",driven by a sudden torrent of pus from his skull.,"It popped from the socket, driven by a sudden torrent of pus from his skull."
4e.srt,218,219,"00:23:01,715 --> 00:23:04,800","00:23:04,801 --> 00:23:09,389",195,"00:23:01,715 --> 00:23:09,389","which was suddenly moss that tore easily from his bleeding scalp.""","And he reached up to grasp at his hair, which was suddenly moss that tore easily from his bleeding scalp."""
4e.srt,221,223,"00:23:11,600 --> 00:23:15,853","00:23:21,360 --> 00:23:26,532",197,"00:23:11,600 --> 00:23:26,532","I turned from my gargling brother and walked to the pool of the hollow,","[Mr. Milchick] ""And as the pus from his eye thickened into sap, I turned from my gargling brother and walked to the pool of the hollow, where I knew the waterfall would drown out my brother's cries."""
4e.srt,225,226,"00:23:30,118 --> 00:23:35,082","00:23:36,291 --> 00:23:41,713",199,"00:23:30,118 --> 00:23:41,713","a gaunt bride, half the height of a natural woman.","""And it was here that I first encountered the temper Woe, a gaunt bride, half the height of a natural woman."
4e.srt,227,228,"00:24:00,649 --> 00:24:04,111","00:24:05,445 --> 00:24:06,738",200,"00:24:00,649 --> 00:24:06,738",'This is your doing.,"She spoke to me directly from her eyes and said, 'This is your doing."
4e.srt,231,232,"00:24:15,247 --> 00:24:17,499","00:24:27,759 --> 00:24:28,760",203,"00:24:15,247 --> 00:24:28,760",The end.,"Only chaos's whore.'"" The end."
4e.srt,248,249,"00:25:31,281 --> 00:25:33,783","00:25:33,784 --> 00:25:36,745",219,"00:25:31,281 --> 00:25:36,745",Right? He jerked off in front of his brother...,- [Mark laughing] - [Dylan chuckles] Right? He jerked off in front of his brother...
4e.srt,259,260,"00:26:24,585 --> 00:26:27,838","00:26:28,505 --> 00:26:30,632",229,"00:26:24,585 --> 00:26:30,632","Now, Miss Huang.","- [gasps] Mr. Milchick, come on. - [Helly scoffs] Now, Miss Huang."
4e.srt,261,262,"00:26:34,386 --> 00:26:36,179","00:26:36,180 --> 00:26:37,347",230,"00:26:34,386 --> 00:26:37,347",Why?,"- [Helly, laughing] Oh, my... - [Mark gasps] Why?"
4e.srt,268,269,"00:27:06,543 --> 00:27:08,295","00:27:09,087 --> 00:27:11,047",236,"00:27:06,543 --> 00:27:11,047","Hey, what do you think his dick turned into?","- [Mark] Oh, my God. - [Helly laughs] Hey, what do you think his dick turned into?"
4e.srt,273,274,"00:27:20,933 --> 00:27:23,851","00:27:23,852 --> 00:27:26,062",240,"00:27:20,933 --> 00:27:26,062","- [Irving] Well, it's not. - Okay.","- Oh, I don't know. It's pretty funny. - [Helly laughs] - [Irving] Well, it's not. - Okay."
4e.srt,277,278,"00:27:34,404 --> 00:27:35,989","00:27:38,492 --> 00:27:40,077",243,"00:27:34,404 --> 00:27:40,077","Just tell us, Helly.","- ""Goo-goo eyes""? - [Helly laughs] Just tell us, Helly."
4e.srt,294,295,"00:28:21,660 --> 00:28:24,496","00:28:25,205 --> 00:28:27,874",259,"00:28:21,660 --> 00:28:27,874",while your outie's wife rots away somewhere.,Using your pupils to make love to her while your outie's wife rots away somewhere.
4e.srt,381,382,"00:43:03,292 --> 00:43:05,085","00:43:06,253 --> 00:43:07,588",345,"00:43:03,292 --> 00:43:07,588",it was cruel.,"What you said to me last night, it was cruel."
4e.srt,394,395,"00:43:56,470 --> 00:43:58,304","00:43:58,305 --> 00:44:01,349",357,"00:43:56,470 --> 00:44:01,349","- Irving. Stop. Irving, no. - Mr. Milchick!","- [Helly] No! - [Irving straining] - Irving. Stop. Irving, no. - Mr. Milchick!"
4e.srt,396,397,"00:44:01,350 --> 00:44:03,351","00:44:03,352 --> 00:44:04,436",358,"00:44:01,350 --> 00:44:04,436",Help!,"- Please, stop. - [Irving groans] Help!"
4e.srt,413,414,"00:44:44,226 --> 00:44:46,477","00:44:46,478 --> 00:44:48,062",374,"00:44:44,226 --> 00:44:48,062",ever since she came back!,"- Stop! - She's been an outie the whole time, ever since she came back!"
4e.srt,416,417,"00:44:51,775 --> 00:44:53,442","00:44:53,443 --> 00:44:55,403",376,"00:44:51,775 --> 00:44:55,403",She's a fucking mole!,"- [Mr. Milchick] Irving, stop this! - [shrieks] She's a fucking mole!"
4e.srt,420,421,"00:44:59,032 --> 00:45:00,408","00:45:00,409 --> 00:45:02,411",379,"00:44:59,032 --> 00:45:02,411",[Mr. Milchick] Irving! Irving! Irving!,- [Helly screaming] - [Irving shouts] [Mr. Milchick] Irving! Irving! Irving!
4e.srt,423,424,"00:45:06,123 --> 00:45:08,207","00:45:08,208 --> 00:45:09,710",381,"00:45:06,123 --> 00:45:09,710",She's an Eagan!,"- [groans] She's not Helly! - [Helly gasps, panting] She's an Eagan!"
4e.srt,438,439,"00:45:51,043 --> 00:45:53,377","00:45:53,378 --> 00:45:56,757",395,"00:45:51,043 --> 00:45:56,757",[breathing heavily] What's happening? [gasps],"- I'm s... so sorry, Helly. - [Helly coughs] [breathing heavily] What's happening? [gasps]"
4e.srt,455,457,"00:47:03,365 --> 00:47:05,825","00:47:09,872 --> 00:47:11,289",411,"00:47:03,365 --> 00:47:11,289","as you are no longer authorized to consort with any severed employee,","Please refrain from any further speech, as you are no longer authorized to consort with any severed employee, nor they with you."
4e.srt,463,464,"00:48:30,410 --> 00:48:32,328","00:48:32,329 --> 00:48:35,957",417,"00:48:30,410 --> 00:48:35,957",and any personal items discarded.,Your workspace will be cleared and any personal items discarded.
4e.srt,465,467,"00:48:35,958 --> 00:48:40,545","00:48:41,964 --> 00:48:45,759",418,"00:48:35,958 --> 00:48:45,759","and personal relations,","Your file, including any and all professional interactions and personal relations, will be purged and destroyed."
4e.srt,468,470,"00:48:46,760 --> 00:48:50,137","00:48:52,516 --> 00:48:56,770",419,"00:48:46,760 --> 00:48:56,770",never even existed,"It will be as if you, Irving B., never even existed nor drew a single breath upon this Earth."
5e.srt,1,2,"00:00:21,563 --> 00:00:24,566","00:00:57,933 --> 00:00:59,059",1,"00:00:21,563 --> 00:00:59,059",[doctor] Do you have them?,"[whistling ""Wreck of the Edmund Fitzgerald""] [doctor] Do you have them?"
5e.srt,6,7,"00:01:43,896 --> 00:01:45,272","00:01:49,151 --> 00:01:52,154",5,"00:01:43,896 --> 00:01:52,154","[resumes whistling ""Wreck of the Edmund Fitzgerald""]","- [card beeps] - [door buzzes] [resumes whistling ""Wreck of the Edmund Fitzgerald""]"
5e.srt,22,23,"00:04:28,477 --> 00:04:31,479","00:04:31,480 --> 00:04:34,482",20,"00:04:28,477 --> 00:04:34,482","Uh, just keep trying, I guess.","- Okay. So, what do we do? - [sniffs] Uh, just keep trying, I guess."
5e.srt,25,26,"00:04:37,486 --> 00:04:40,029","00:04:40,030 --> 00:04:42,532",22,"00:04:37,486 --> 00:04:42,532","Uh, hey, I'm sorry. I gotta get to work.","- [door closes] - [footsteps approaching] Uh, hey, I'm sorry. I gotta get to work."
5e.srt,108,109,"00:10:25,292 --> 00:10:29,505","00:10:30,923 --> 00:10:33,717",104,"00:10:25,292 --> 00:10:33,717","and in so doing, he nearly drowned you.","Irving had no knowledge of what management's intention was in this action, and in so doing, he nearly drowned you."
5e.srt,119,121,"00:11:32,401 --> 00:11:34,902","00:11:38,365 --> 00:11:41,702",114,"00:11:32,401 --> 00:11:41,702",was known to go incognito amongst his people,"In ancient times, the king of Sweden himself was known to go incognito amongst his people in the hopes of learning their true grievances."
5e.srt,122,124,"00:11:43,328 --> 00:11:47,749","00:11:51,628 --> 00:11:55,465",115,"00:11:43,328 --> 00:11:55,465","the name for which he was remembered,","He would don an old, gray robe, a Gråkappan, the name for which he was remembered, to disguise his royal vestments."
5e.srt,125,126,"00:11:56,466 --> 00:12:00,469","00:12:00,470 --> 00:12:06,018",116,"00:11:56,466 --> 00:12:06,018",and Ms. Eagan was carrying on this noble tradition.,"Kier Eagan himself was known to do so in his ether factories, and Ms. Eagan was carrying on this noble tradition."
5e.srt,138,139,"00:13:06,453 --> 00:13:08,455","00:13:10,249 --> 00:13:12,709",128,"00:13:06,453 --> 00:13:12,709",and help reacclimate you to your work environment.,Allow me to escort you to MDR and help reacclimate you to your work environment.
5e.srt,147,148,"00:14:02,426 --> 00:14:04,428","00:14:06,513 --> 00:14:12,728",136,"00:14:02,426 --> 00:14:12,728","Well, the ORTBO was a challenge for us all in ways expected and non.","- [computer beeping] - [switches clicking] Well, the ORTBO was a challenge for us all in ways expected and non."
5e.srt,152,153,"00:14:34,541 --> 00:14:36,083","00:14:36,084 --> 00:14:38,629",140,"00:14:34,541 --> 00:14:38,629",have been moved to your new work tri-stations.,"As you can see, all of your items have been moved to your new work tri-stations."
5e.srt,158,159,"00:14:48,138 --> 00:14:49,223","00:14:50,474 --> 00:14:51,850",145,"00:14:48,138 --> 00:14:51,850",we'd like to have a funeral.,"So, we'd like to have a funeral."
5e.srt,184,185,"00:16:24,234 --> 00:16:26,944","00:16:26,945 --> 00:16:28,029",170,"00:16:24,234 --> 00:16:28,029",- I'm coming in. - [door opens],- I'm gonna come in. - [inhales sharply] - I'm coming in. - [door opens]
5e.srt,231,232,"00:19:45,519 --> 00:19:47,436","00:19:47,437 --> 00:19:51,275",216,"00:19:45,519 --> 00:19:51,275","we hold a retirement party, which they attend.","Normally, when an innie goes to be with Kier, we hold a retirement party, which they attend."
5e.srt,233,234,"00:19:52,609 --> 00:19:56,321","00:19:57,281 --> 00:19:58,574",217,"00:19:52,609 --> 00:19:58,574",that's not feasible.,"But given the sudden and frigid events which brought us here, that's not feasible."
5e.srt,235,236,"00:20:00,117 --> 00:20:02,493","00:20:02,494 --> 00:20:07,583",218,"00:20:00,117 --> 00:20:07,583",to silently remember Irving and thank Kier for our time with him.,"As such, let us each take nine seconds to silently remember Irving and thank Kier for our time with him."
5e.srt,243,244,"00:20:50,501 --> 00:20:53,754","00:20:54,379 --> 00:20:56,715",225,"00:20:50,501 --> 00:20:56,715",so he put toner in my water cup.,"One time, he was pissed at me for watering down the toner, so he put toner in my water cup."
5e.srt,249,250,"00:21:19,112 --> 00:21:21,113","00:21:21,114 --> 00:21:25,702",230,"00:21:19,112 --> 00:21:25,702",he would have been totally justified in telling me to suck my own fuck.,"And in his final moments, he would have been totally justified in telling me to suck my own fuck."
5e.srt,257,258,"00:21:56,567 --> 00:22:00,737","00:22:01,446 --> 00:22:04,741",237,"00:21:56,567 --> 00:22:04,741",whose dark hair is courtesy of the Black Beauty Watermelon.,"You may now briefly partake in Irving's fruit head, whose dark hair is courtesy of the Black Beauty Watermelon."
5e.srt,284,285,"00:23:55,769 --> 00:23:58,522","00:24:00,566 --> 00:24:01,567",263,"00:23:55,769 --> 00:24:01,567",[Helly] Mark.,"- No, it's pretty crazy. - [door opens] [Helly] Mark."
5e.srt,300,302,"00:24:37,144 --> 00:24:39,770","00:24:42,399 --> 00:24:43,858",278,"00:24:37,144 --> 00:24:43,858","us wandering around, meeting other departments,","Me looking for Ms. Casey, us wandering around, meeting other departments, mapping the floor, all of it."
5e.srt,303,304,"00:24:43,859 --> 00:24:45,818","00:24:45,819 --> 00:24:49,907",279,"00:24:43,859 --> 00:24:49,907",because Helena told them everything we're doing.,They know everything we're doing because Helena told them everything we're doing.
5e.srt,318,319,"00:25:57,599 --> 00:26:00,184","00:26:00,185 --> 00:26:02,396",293,"00:25:57,599 --> 00:26:02,396",I was wondering if I could have a word with you.,"Natalie, just before we begin, I was wondering if I could have a word with you."
5e.srt,324,325,"00:26:27,671 --> 00:26:29,964","00:26:29,965 --> 00:26:33,927",298,"00:26:27,671 --> 00:26:33,927",how you felt when you received the paintings.,I was just wondering if you could share with me a little how you felt when you received the paintings.
5e.srt,326,329,"00:26:34,887 --> 00:26:35,888","00:26:44,438 --> 00:26:48,859",299,"00:26:34,887 --> 00:26:48,859","our experiences here have been similar in some ways,","Because I'm thinking our experiences here have been similar in some ways, we face similar challenges, and perhaps the paintings and the somewhat complicated feelings they evoke."
5e.srt,339,340,"00:28:41,305 --> 00:28:43,764","00:28:43,765 --> 00:28:47,602",309,"00:28:41,305 --> 00:28:47,602",depending on the number of atonements and approbations required.,"This review can take anywhere from two to six hours, depending on the number of atonements and approbations required."
5e.srt,341,342,"00:28:47,603 --> 00:28:50,271","00:28:50,272 --> 00:28:54,567",310,"00:28:47,603 --> 00:28:54,567","there will be a break for lunch, with the order taken in advance.","If the review is to take longer than four hours, there will be a break for lunch, with the order taken in advance."
5e.srt,349,351,"00:29:21,386 --> 00:29:23,971","00:29:28,685 --> 00:29:31,104",317,"00:29:21,386 --> 00:29:31,104",there have been three contentions reported anonymously,"[Drummond] Alternatively and sadly, there have been three contentions reported anonymously which have been investigated and confirmed."
5e.srt,357,359,"00:29:46,495 --> 00:29:50,623","00:29:53,752 --> 00:29:58,298",323,"00:29:46,495 --> 00:29:58,298","the paper clip was installed back to front,","Two: on several of your daily logs, the paper clip was installed back to front, which led to a confusion as to where in the document to begin reading."
5e.srt,366,367,"00:30:18,527 --> 00:30:23,739","00:30:23,740 --> 00:30:28,286",330,"00:30:18,527 --> 00:30:28,286",deterred curiosity or idling by the team once they returned.,"Kindness reforms that seemed to have, in no way, deterred curiosity or idling by the team once they returned."
5e.srt,368,371,"00:30:28,287 --> 00:30:32,790","00:30:38,714 --> 00:30:41,758",331,"00:30:28,287 --> 00:30:41,758","which resulted in the termination of one employee,","You arranged an outdoor retreat and team-building occurrence which resulted in the termination of one employee, and the discovery of the true identity of another at great risk and harm to the Eagan name."
5e.srt,373,374,"00:31:05,157 --> 00:31:06,532","00:31:06,533 --> 00:31:10,370",333,"00:31:05,157 --> 00:31:10,370",as one of the greatest moments in the history of this planet.,will be remembered as one of the greatest moments in the history of this planet.
5e.srt,387,388,"00:32:42,171 --> 00:32:43,964","00:32:53,265 --> 00:32:54,266",346,"00:32:42,171 --> 00:32:54,266","[Milchick] Hi, Mark.","- [card beeps] - [elevator bell dings] [Milchick] Hi, Mark."
5e.srt,400,401,"00:33:33,847 --> 00:33:37,767","00:33:37,768 --> 00:33:40,728",358,"00:33:33,847 --> 00:33:40,728",and look forward to some productive workdays ahead.,"Hopefully, now we can put all this grief and tumult behind us and look forward to some productive workdays ahead."
5e.srt,410,411,"00:34:14,012 --> 00:34:15,389","00:34:16,473 --> 00:34:18,684",367,"00:34:14,012 --> 00:34:18,684",leader-in-waiting of this company.,"Helena Eagan, leader-in-waiting of this company."
5e.srt,414,416,"00:34:48,880 --> 00:34:51,091","00:34:54,261 --> 00:34:56,138",370,"00:34:48,880 --> 00:34:56,138","[Devon] ""The workers were diligent,","- [employees chattering] - [Mark coughs] [Devon] ""The workers were diligent, focused on the task at hand."
5e.srt,418,419,"00:35:02,769 --> 00:35:05,772","00:35:06,356 --> 00:35:09,193",372,"00:35:02,769 --> 00:35:09,193",just hands and numbers and cogs and purpose.,"They simply referenced a large standard clock near the door, just hands and numbers and cogs and purpose."
5e.srt,420,421,"00:35:10,110 --> 00:35:13,237","00:35:13,238 --> 00:35:16,992",373,"00:35:10,110 --> 00:35:16,992","but you get to enjoy its ticking and thus should be happy.""","Your sovereign boss may own the clock that greets you from the wall, but you get to enjoy its ticking and thus should be happy."""
5e.srt,429,431,"00:35:35,969 --> 00:35:40,598","00:35:42,351 --> 00:35:45,186",381,"00:35:35,969 --> 00:35:45,186","and once that is established,","She said that innies tend to thrive in an environment of structure, and once that is established, then they are more open to self-expansion."
5e.srt,435,436,"00:35:52,986 --> 00:35:56,489","00:35:56,490 --> 00:35:59,617",385,"00:35:52,986 --> 00:35:59,617",it might beget a revolution.,"If I can get my ideas to severed workers all across the world, it might beget a revolution."
5e.srt,441,443,"00:36:07,292 --> 00:36:10,545","00:36:12,756 --> 00:36:14,173",390,"00:36:07,292 --> 00:36:14,173","so they can use it for their fucking propaganda,","Okay, Lumon hurts people, you know that, and if you want to water down your work so they can use it for their fucking propaganda, then you're hurting people too."
5e.srt,446,448,"00:36:20,931 --> 00:36:23,433","00:36:28,522 --> 00:36:30,524",393,"00:36:20,931 --> 00:36:30,524",this is a fiscal and creative opportunity,"And also, this is a fiscal and creative opportunity unlike any I have yet seen."
5e.srt,450,451,"00:36:36,697 --> 00:36:40,074","00:36:40,075 --> 00:36:44,705",395,"00:36:36,697 --> 00:36:44,705",and the life that that manages to give us has somehow lost its appeal for you.,[chuckles] Unless me selling millions of copies of my book and the life that that manages to give us has somehow lost its appeal for you.
5e.srt,475,476,"00:39:03,844 --> 00:39:05,178","00:39:05,179 --> 00:39:10,266",419,"00:39:03,844 --> 00:39:10,266","they said my innie had an unsanctioned, erotic entanglement with another worker.","When I pressed them for a reason, they said my innie had an unsanctioned, erotic entanglement with another worker."
5e.srt,518,520,"00:42:02,439 --> 00:42:03,523","00:42:09,530 --> 00:42:11,030",461,"00:42:02,439 --> 00:42:11,030",- like everywhere else in Kier. - [coughing],"On the payroll, - like everywhere else in Kier. - [coughing] You feel all right?"
5e.srt,541,542,"00:44:35,676 --> 00:44:39,596","00:44:40,639 --> 00:44:43,892",482,"00:44:35,676 --> 00:44:43,892",but they must be the same flavor.,"Your outie prefers two scoops of ice cream in a serving, but they must be the same flavor."
6e.srt,18,19,"00:01:24,251 --> 00:01:28,921","00:01:28,922 --> 00:01:34,970",18,"00:01:24,251 --> 00:01:34,970",and all the ways you'd change to get that person back.,"You think about all the things you'd do, and all the ways you'd change to get that person back."
6e.srt,25,26,"00:02:05,626 --> 00:02:07,418","00:02:07,419 --> 00:02:09,880",24,"00:02:05,626 --> 00:02:09,880",with a black elevator that only goes down.,"[Dylan] It was a sketch of a black hallway, with a black elevator that only goes down."
6e.srt,41,42,"00:02:51,255 --> 00:02:54,382","00:02:54,383 --> 00:02:56,259",39,"00:02:51,255 --> 00:02:56,259",- and then we can start after lunch. - Yeah. Maybe.,"Okay. Well, I still have a hall pass, so I can go to the break room now, - and then we can start after lunch. - Yeah. Maybe."
6e.srt,57,59,"00:05:46,054 --> 00:05:48,056","00:05:50,142 --> 00:05:53,270",54,"00:05:46,054 --> 00:05:53,270",you cannot graduate from this fellowship,"I feel I should remind you, you cannot graduate from this fellowship until I have deemed you Wintertide material."
6e.srt,60,61,"00:05:58,317 --> 00:06:02,821","00:06:03,572 --> 00:06:06,825",55,"00:05:58,317 --> 00:06:06,825",and eradicating from your essence childish folly.,"This will mean using your time well, focusing on your own duties, and eradicating from your essence childish folly."
6e.srt,73,74,"00:06:55,749 --> 00:06:57,375","00:06:57,376 --> 00:06:59,919",67,"00:06:55,749 --> 00:06:59,919",because they know what will happen if we do. I'm gonna go get that map.,"It's so that we won't work together, because they know what will happen if we do. I'm gonna go get that map."
6e.srt,88,89,"00:07:55,893 --> 00:08:02,440","00:08:02,441 --> 00:08:04,734",81,"00:07:55,893 --> 00:08:04,734","like, before the OTC.","Uh, 'cause, you know, I've been having those feelings since, like, before the OTC."
6e.srt,120,121,"00:10:58,408 --> 00:11:01,702","00:11:01,703 --> 00:11:04,289",112,"00:10:58,408 --> 00:11:04,289",and stare at your face.,"I just, like, wanna hear about all my offspring and stare at your face."
6e.srt,262,263,"00:25:05,881 --> 00:25:07,466","00:25:10,719 --> 00:25:13,763",253,"00:25:05,881 --> 00:25:13,763",Fields is tending the ham.,- What the heck? - [Irving stammers] Fields is tending the ham.
6e.srt,276,277,"00:25:40,916 --> 00:25:45,420","00:25:46,463 --> 00:25:48,090",266,"00:25:40,916 --> 00:25:48,090",is beyond me.,What your innie ever saw in this Philistine is beyond me.
6e.srt,304,305,"00:27:11,215 --> 00:27:14,926","00:27:14,927 --> 00:27:16,720",293,"00:27:11,215 --> 00:27:16,720",do I think I'm going to heaven?,"So, one Sunday at breakfast, Fields asked me point blank, do I think I'm going to heaven?"
6e.srt,309,310,"00:27:33,362 --> 00:27:36,489","00:27:36,490 --> 00:27:40,034",297,"00:27:33,362 --> 00:27:40,034",and it so happens the sermon that day is about severance...,"- I see. - So we hop on the train to church, and it so happens the sermon that day is about severance..."
6e.srt,313,315,"00:27:44,665 --> 00:27:48,210","00:27:53,841 --> 00:27:59,137",300,"00:27:44,665 --> 00:27:59,137","he said the church's stance is that innies are, you know,","As if he'd been listening to our conversation, he said the church's stance is that innies are, you know, complete individuals, with souls..."
6e.srt,320,321,"00:28:18,991 --> 00:28:22,451","00:28:22,452 --> 00:28:26,748",305,"00:28:18,991 --> 00:28:26,748",it may be a way for part of Burt to...,"But we... we figured that if it were true, it may be a way for part of Burt to..."
6e.srt,418,419,"00:37:16,445 --> 00:37:18,613","00:37:18,614 --> 00:37:22,617",402,"00:37:16,445 --> 00:37:22,617",then about ten years ago that became Attila.,"We used to call each other hon, then about ten years ago that became Attila."
6e.srt,441,442,"00:38:53,876 --> 00:38:56,335","00:38:56,336 --> 00:39:03,010",424,"00:38:53,876 --> 00:39:03,010",and I... I believe that innies deserve to experience love.,"I've been talking to Pastor Gale about this, and I... I believe that innies deserve to experience love."
6e.srt,470,471,"00:43:17,139 --> 00:43:20,224","00:43:20,225 --> 00:43:22,465",452,"00:43:17,139 --> 00:43:22,465",- [breathing heavily] - You have to keep your head still.,- Don't move like that. - [groaning] - [breathing heavily] - You have to keep your head still.
6e.srt,473,474,"00:43:24,438 --> 00:43:25,689","00:43:27,441 --> 00:43:28,442",454,"00:43:24,438 --> 00:43:28,442",Ignore it.,- [knocking] - [gasps] Ignore it.
6e.srt,476,478,"00:43:30,319 --> 00:43:32,070","00:43:35,949 --> 00:43:37,783",456,"00:43:30,319 --> 00:43:37,783",- [Devon] Mark? - [groaning],- [groaning] - [knocking continues] - [Devon] Mark? - [groaning] My car's in the driveway. She knows I'm here.
6e.srt,494,495,"00:44:08,106 --> 00:44:10,066","00:44:10,067 --> 00:44:12,444",472,"00:44:08,106 --> 00:44:12,444",I'm already trying something else.,"- I was thinking... - Yeah. Look, uh, I'm already trying something else."
6e.srt,521,522,"00:45:39,281 --> 00:45:41,324","00:45:41,325 --> 00:45:44,911",498,"00:45:39,281 --> 00:45:44,911","which is, of course, before severance even existed.","Like saying I worked at Lumon 20 years ago, which is, of course, before severance even existed."
6e.srt,531,532,"00:46:16,527 --> 00:46:18,612","00:46:24,117 --> 00:46:25,577",507,"00:46:16,527 --> 00:46:25,577","- Good night, Burt. - Good night.","- Good. [chuckles] - [chuckles] - Good night, Burt. - Good night."
7e.srt,6,7,"00:01:13,907 --> 00:01:15,788","00:01:15,868 --> 00:01:17,077",6,"00:01:13,907 --> 00:01:17,077",What about you?,"- Oh, my God. Spoiler alert, please. - [chuckles] What about you?"
7e.srt,8,9,"00:01:17,578 --> 00:01:20,330","00:01:20,414 --> 00:01:22,291",7,"00:01:17,578 --> 00:01:22,291","Oh, yeah, this is a real treat.","- Are you reading… - Me? Uh, well… It's… Oh, yeah, this is a real treat."
7e.srt,10,11,"00:01:22,374 --> 00:01:25,002","00:01:25,711 --> 00:01:28,672",8,"00:01:22,374 --> 00:01:28,672","Drug Use by Enlisted Soldiers during World War I.""","""All Quiet on the Western Blunt: Drug Use by Enlisted Soldiers during World War I."""
7e.srt,14,15,"00:01:33,552 --> 00:01:36,096","00:01:39,558 --> 00:01:40,893",11,"00:01:33,552 --> 00:01:40,893",I'm sorry. Who are you?,- I couldn't agree more. [chuckles] - [chuckles] I'm sorry. Who are you?
7e.srt,37,40,"00:04:06,872 --> 00:04:08,210","00:04:13,587 --> 00:04:15,756",33,"00:04:06,872 --> 00:04:15,756","so forgive me if I say this, like, super plainly,","I can tell that you're smarter than me, so forgive me if I say this, like, super plainly, but if you give one solitary thought to messing with my brother again, I will throw you off a fucking bridge."
7e.srt,59,60,"00:07:04,174 --> 00:07:06,468","00:07:06,552 --> 00:07:10,264",52,"00:07:04,174 --> 00:07:10,264",would you be more afraid of suffocating or drowning?,"If you were caught in a mudslide, would you be more afraid of suffocating or drowning?"
7e.srt,105,106,"00:13:13,460 --> 00:13:15,754","00:13:15,838 --> 00:13:18,260",97,"00:13:13,460 --> 00:13:18,260","- and my notes are all over the place. - Uh, no, no. That's… It's okay.","I'm sorry. I have a lecture at 3:00 on Hadji Murad - and my notes are all over the place. - Uh, no, no. That's… It's okay."
7e.srt,107,111,"00:13:18,340 --> 00:13:21,635","00:13:33,146 --> 00:13:36,316",98,"00:13:18,340 --> 00:13:36,316",[Gemma] Oh. Um…,"- Um, I just… I brought you something. - [sighs] [Gemma] Oh. Um… - It's an ant farm. - [inhales sharply] Last night you said you liked ants. So… I said I liked… I like plants."
7e.srt,138,139,"00:15:28,011 --> 00:15:29,263","00:15:29,346 --> 00:15:31,101",125,"00:15:28,011 --> 00:15:31,101",[Devon] This is what I was hoping would come up.,[Ricken] Yeah. Well… [Devon] This is what I was hoping would come up.
7e.srt,169,170,"00:16:25,485 --> 00:16:27,446","00:16:27,529 --> 00:16:28,742",155,"00:16:25,485 --> 00:16:28,742","- [Devon] Oh, fuck right off. - …drinkable water?","[Ricken] Did you know you can purify urine into… - [Devon] Oh, fuck right off. - …drinkable water?"
7e.srt,184,185,"00:18:37,993 --> 00:18:42,289","00:18:42,372 --> 00:18:45,584",169,"00:18:37,993 --> 00:18:45,584",and verbally encourage her to forgo further suicide attempts.,"Ms. Cobel's orders. I am to watch her for signs of sadness, and verbally encourage her to forgo further suicide attempts."
7e.srt,200,201,"00:21:26,787 --> 00:21:27,788","00:21:29,790 --> 00:21:32,376",184,"00:21:26,787 --> 00:21:32,376",it's the next step for a lot of people.,You know… it's the next step for a lot of people.
7e.srt,216,218,"00:22:53,081 --> 00:22:55,459","00:22:58,879 --> 00:23:02,841",199,"00:22:53,081 --> 00:23:02,841","it's the final step and, you know,","Oh, yeah. Well, you know, it's the final step and, you know, there's a kid that's out there just waiting for us."
7e.srt,221,222,"00:23:08,639 --> 00:23:10,599","00:23:13,852 --> 00:23:16,647",202,"00:23:08,639 --> 00:23:16,647",- Ow. - [Mark] Sorry. You okay?,- Turn around and bend over. - [chuckles] - Ow. - [Mark] Sorry. You okay?
7e.srt,233,235,"00:24:10,158 --> 00:24:12,828","00:24:18,208 --> 00:24:19,793",213,"00:24:10,158 --> 00:24:19,793","St. Pierre, Cairns, Zurich, and…","The Billings room, the Lucknow room, St. Pierre, Cairns, Zurich, and… The Wellington room."
7e.srt,243,244,"00:24:51,783 --> 00:24:53,744","00:24:53,827 --> 00:24:55,329",221,"00:24:51,783 --> 00:24:55,329",and today it had a name on it.,"There's only one room I haven't been to yet, and today it had a name on it."
7e.srt,267,269,"00:27:04,166 --> 00:27:05,379","00:27:08,337 --> 00:27:09,546",244,"00:27:04,166 --> 00:27:09,546","It's a cottage where severed people become their innies,","There… I mean, it's technically… It's a cottage where severed people become their innies, and there was this woman..."
7e.srt,294,295,"00:28:20,826 --> 00:28:23,495","00:28:24,204 --> 00:28:25,626",269,"00:28:20,826 --> 00:28:25,626","What are you… No, seriously, what are you doing?","[sighs] If you do that… If you make that choice… What are you… No, seriously, what are you doing?"
7e.srt,301,302,"00:28:40,053 --> 00:28:41,847","00:28:41,930 --> 00:28:44,683",275,"00:28:40,053 --> 00:28:44,683",I don't know what to do with this. What do I do if he wakes up?,"No, I need you to stay. I can't… I don't know what to do with this. What do I do if he wakes up?"
7e.srt,308,312,"00:29:01,950 --> 00:29:03,035","00:29:13,045 --> 00:29:14,379",281,"00:29:01,950 --> 00:29:14,379",- Mark? - Chikha… Chikha…,Chi… - Mark? - Chikha… Chikha… - What are you trying to say? - Chikhai… Chik… [Mark] Chikhai bardo?
7e.srt,319,320,"00:29:32,773 --> 00:29:35,484","00:29:35,567 --> 00:29:37,110",288,"00:29:32,773 --> 00:29:37,110",or a rabbit or whatever.,Yeah. It's one of those things where you have to draw a duck or a rabbit or whatever.
7e.srt,324,325,"00:29:49,206 --> 00:29:51,542","00:29:53,669 --> 00:29:55,921",292,"00:29:49,206 --> 00:29:55,921",- weird. - I'm enjoying this.,I'm not. I'm just… I don't know. It seems kind of… - weird. - I'm enjoying this.
7e.srt,335,338,"00:31:23,509 --> 00:31:24,589","00:31:31,934 --> 00:31:35,229",302,"00:31:23,509 --> 00:31:35,229","- [gasps, screams] - [screams]","- [grunts] - [alarm blaring] - [gasps, screams] - [screams] - It's okay. This is perfectly normal. - [gasps] Let's get you set up with that meal. Bon appétit."
7e.srt,339,341,"00:31:35,854 --> 00:31:38,524","00:31:47,115 --> 00:31:49,201",303,"00:31:35,854 --> 00:31:49,201","- Another pillow… [screams] - [screams, gasps]","- Can I get you anything else? Coffee? Tea? - [groans] - Another pillow… [screams] - [screams, gasps] [doctor] He's stuck at 96%."
7e.srt,349,352,"00:32:53,432 --> 00:32:56,393","00:33:06,403 --> 00:33:09,907",311,"00:32:53,432 --> 00:33:09,907",I cannot thank you enough…,"[Gemma] Dear Mr. Tisdale, I cannot thank you enough… for the thoughtful Christmas gift you sent my husband and I this year."
7e.srt,354,355,"00:33:17,247 --> 00:33:20,834","00:33:21,418 --> 00:33:24,796",313,"00:33:17,247 --> 00:33:24,796",…an electric grouter.,- We have never owned… - [pen scratching] …an electric grouter.
7e.srt,356,361,"00:33:27,174 --> 00:33:30,302","00:33:44,316 --> 00:33:45,317",314,"00:33:27,174 --> 00:33:45,317",…to… [exhales sharply],And we look forward… [exhales sharply] …to… [exhales sharply] …the many happy memories… [exhales sharply] …it will provide.
7e.srt,365,368,"00:34:03,001 --> 00:34:04,461","00:34:13,428 --> 00:34:14,554",318,"00:34:03,001 --> 00:34:14,554",says…,Nothing… says… Christmas like… grouting.
7e.srt,370,371,"00:34:16,681 --> 00:34:19,351","00:34:20,936 --> 00:34:22,478",320,"00:34:16,681 --> 00:34:22,478",but close enough.,"I-It's actually a-a de-grouter, but close enough."
7e.srt,403,404,"00:38:17,714 --> 00:38:19,550","00:38:23,387 --> 00:38:25,264",352,"00:38:17,714 --> 00:38:25,264",and he has a daughter now.,Your husband remarried last year… and he has a daughter now.
7e.srt,439,440,"00:41:36,330 --> 00:41:38,665","00:41:40,042 --> 00:41:44,046",387,"00:41:36,330 --> 00:41:44,046","Okay. Did you get the, uh, Denali thing I sent?","I mean, this thing's gotta be in tonight anyway, so… Okay. Did you get the, uh, Denali thing I sent?"
7e.srt,454,455,"00:42:58,620 --> 00:43:01,874","00:43:01,957 --> 00:43:05,294",401,"00:42:58,620 --> 00:43:05,294",and found herself in the wrong elevator. [chuckles],Your outie came in for a public art exhibition and found herself in the wrong elevator. [chuckles]
7e.srt,458,459,"00:43:12,092 --> 00:43:15,053","00:43:15,137 --> 00:43:16,680",404,"00:43:12,092 --> 00:43:16,680",it would be greatly appreciated.,"If you wouldn't mind turning around and heading back in, it would be greatly appreciated."
8e.srt,35,37,"00:06:55,958 --> 00:06:58,835","00:07:00,462 --> 00:07:04,550",35,"00:06:55,958 --> 00:07:04,550","and the fluctuating interest rates,","Yeah, well, with the market readjustment from a few years ago and the fluctuating interest rates, there was a retrenchment from some of the core infrastructure investments."
8e.srt,62,63,"00:11:37,990 --> 00:11:44,204","00:11:45,163 --> 00:11:46,707",60,"00:11:37,990 --> 00:11:46,707",you know that?,"Kier and Imogene met at the Ether Mill, you know that?"
8e.srt,125,126,"00:18:47,377 --> 00:18:48,879","00:18:49,963 --> 00:18:51,757",122,"00:18:47,377 --> 00:18:51,757",just like you did with Mother.,"And show me mercy, just like you did with Mother."
8e.srt,156,157,"00:24:23,463 --> 00:24:26,549","00:24:26,550 --> 00:24:30,261",152,"00:24:23,463 --> 00:24:30,261","[gasps, breathes heavily] What is it? What happened?","- [footsteps approaching] - [door opening] [gasps, breathes heavily] What is it? What happened?"
9e.srt,17,19,"00:05:14,773 --> 00:05:17,316","00:05:22,155 --> 00:05:25,367",17,"00:05:14,773 --> 00:05:25,367","to the Gunnel Eagan Empathy Center in Svalbard,","Your bed will be moved from your parents' home to the Gunnel Eagan Empathy Center in Svalbard, where you will work to steward global reforms."
9e.srt,38,39,"00:07:21,567 --> 00:07:24,194","00:07:25,362 --> 00:07:29,491",36,"00:07:21,567 --> 00:07:29,491",we ended up kissing for about a minute.,"And right before I left, we ended up kissing for about a minute."
9e.srt,57,59,"00:08:24,671 --> 00:08:27,298","00:08:28,634 --> 00:08:30,968",54,"00:08:24,671 --> 00:08:30,968",that you don't follow me there,- [stammers] Will you st... - And I'm gonna r-respectfully request that you don't follow me there and use my own body to fucking cheat on me.
9e.srt,69,70,"00:09:28,861 --> 00:09:32,573","00:09:33,282 --> 00:09:38,954",64,"00:09:28,861 --> 00:09:38,954",to several recent disappearances or deaths.,"""They may be also connected to several recent disappearances or deaths."
9e.srt,71,72,"00:09:39,746 --> 00:09:44,667","00:09:44,668 --> 00:09:50,841",65,"00:09:39,746 --> 00:09:50,841","as a low-level Lumon enforcer or goon.""","Goodman... [grunts] may have participated as a low-level Lumon enforcer or goon."""
9e.srt,102,103,"00:12:43,805 --> 00:12:45,431","00:12:45,432 --> 00:12:48,059",95,"00:12:43,805 --> 00:12:48,059","over the hole in the back of your skull, so I didn't quite get that.","[Devon] I'm sorry. The wind was whistling over the hole in the back of your skull, so I didn't quite get that."
9e.srt,137,138,"00:15:42,484 --> 00:15:45,945","00:15:45,946 --> 00:15:49,533",129,"00:15:42,484 --> 00:15:49,533",about you and me this morning.,[Gretchen] I told my husband about you and me this morning.
9e.srt,184,186,"00:19:03,894 --> 00:19:06,521","00:19:08,565 --> 00:19:10,651",175,"00:19:03,894 --> 00:19:10,651",and they convinced you to turn your back on him,"I don't know if he knew where it leads, but he thought it was important and they convinced you to turn your back on him for some outie woman you don't even know."
9e.srt,189,190,"00:19:20,410 --> 00:19:22,119","00:19:22,120 --> 00:19:24,623",178,"00:19:20,410 --> 00:19:24,623",then how come we couldn't tell when you were gone?,"And if we're so different from our outies, then how come we couldn't tell when you were gone?"
9e.srt,191,192,"00:19:28,085 --> 00:19:29,920","00:19:32,422 --> 00:19:33,715",179,"00:19:28,085 --> 00:19:33,715",Mark couldn't.,- Irving could. - [scoffs] Mark couldn't.
9e.srt,197,198,"00:20:54,046 --> 00:20:56,631","00:20:56,632 --> 00:20:59,842",184,"00:20:54,046 --> 00:20:59,842",and I just got brain surgery in my basement.,My wife's being held prisoner at Lumon and I just got brain surgery in my basement.
9e.srt,220,221,"00:22:15,711 --> 00:22:18,629","00:22:18,630 --> 00:22:20,131",206,"00:22:15,711 --> 00:22:20,131",- Mark... Okay... - I'm trying to help you.,"- No! Fuck this. We're leaving. Right now. - [Devon] Hold on. Wait, - Mark... Okay... - I'm trying to help you."
9e.srt,224,225,"00:22:25,971 --> 00:22:27,388","00:22:27,389 --> 00:22:29,516",209,"00:22:25,971 --> 00:22:29,516","but listen, that's what we're doing here, right?","[Devon] I know and we're gonna get her out, but listen, that's what we're doing here, right?"
9e.srt,240,241,"00:23:03,800 --> 00:23:05,009","00:23:05,010 --> 00:23:08,054",224,"00:23:03,800 --> 00:23:08,054",there is literally no other option than to do what the fuck she says right now.,"- We can't do it. - Mark, there is literally no other option than to do what the fuck she says right now."
9e.srt,263,264,"00:27:04,833 --> 00:27:09,087","00:27:10,088 --> 00:27:12,925",246,"00:27:04,833 --> 00:27:12,925",on what was to be Lumon's finest day.,"Our most vital refiner missing in the wind, on what was to be Lumon's finest day."
9e.srt,266,267,"00:27:21,558 --> 00:27:24,561","00:27:25,979 --> 00:27:28,607",248,"00:27:21,558 --> 00:27:28,607",but I thank you for your remonstration.,"I have followed protocol, Mr. Drummond, but I thank you for your remonstration."
9e.srt,281,282,"00:28:34,548 --> 00:28:39,386","00:28:40,053 --> 00:28:41,889",262,"00:28:34,548 --> 00:28:41,889",which means two things.,"- What did you just say to me? - I am manager of the severed floor, which means two things."
9e.srt,285,287,"00:28:56,528 --> 00:28:59,740","00:29:02,951 --> 00:29:07,080",265,"00:28:56,528 --> 00:29:07,080",it's not my fault,"To put that monosyllabically, it's not my fault what Mark Scout does when he is not at work."
9e.srt,296,297,"00:30:04,263 --> 00:30:08,140","00:30:08,141 --> 00:30:11,562",274,"00:30:04,263 --> 00:30:11,562","and, um, you know, they want to do a few more tests.","So we drove to this clinic out in Soil Hill and, um, you know, they want to do a few more tests."
9e.srt,299,300,"00:30:15,858 --> 00:30:18,234","00:30:18,235 --> 00:30:19,986",276,"00:30:15,858 --> 00:30:19,986",and you should be under Lumon care.,[inhales sharply] You are a priority employee and you should be under Lumon care.
9e.srt,372,373,"00:39:50,307 --> 00:39:52,058","00:39:52,059 --> 00:39:55,479",348,"00:39:50,307 --> 00:39:55,479","turn left, right, left, down the hall, left.","[whispers] Right, all the way down the hallway, turn left, right, left, down the hall, left."
9e.srt,375,376,"00:39:57,856 --> 00:40:01,943","00:40:01,944 --> 00:40:07,366",350,"00:39:57,856 --> 00:40:07,366","left, down the hallway, left, left, left, right, left, left...","Right, left, right down the hallway, right, left, down the hallway, left, left, left, right, left, left..."
9e.srt,389,390,"00:41:57,684 --> 00:42:01,521","00:42:01,522 --> 00:42:04,732",363,"00:41:57,684 --> 00:42:04,732",- [Mark] Wait. What? - You're okay. You're fine.,"- Hi, Mark. - [breathing shakily] - [Mark] Wait. What? - You're okay. You're fine."
